,r,c,M1
0,45,50,-0.0014459336
1,46,50,-0.0021368621
2,47,50,-0.0007106504
3,47,51,-0.002813027
4,48,51,-0.002103761
5,48,52,-0.0007042934
6,49,52,-0.002790372
7,50,52,-0.0014006251
8,50,53,-0.0007023992
9,51,53,-0.00011713277
10,52,53,-3.122448e-05
11,52,54,-5.4668613e-05
12,53,54,-8.573056e-05
13,54,54,-3.1105483e-05
14,54,55,-8.540311e-05
15,55,55,-8.526526e-05
16,56,55,-3.0875628e-05
17,56,56,-0.000115704126
18,57,56,-8.468305e-05
19,57,57,-3.0781062e-05
20,58,57,-0.00011485464
21,59,57,-5.3483058e-05
22,59,58,-3.0542687e-05
23,60,58,-8.355723e-05
24,61,58,-5.3043896e-05
25,61,59,-5.2930573e-05
26,62,59,-8.295324e-05
27,63,59,-3.0007875e-05
28,63,60,-8.24388e-05
29,64,60,-8.220945e-05
30,65,60,-2.9734874e-05
31,65,61,-0.00011138089
32,66,61,-8.145037e-05
33,66,62,-2.9594143e-05
34,67,62,-8.091733e-05
35,68,62,-8.0571925e-05
36,68,63,-2.927281e-05
37,69,63,-8.0139755e-05
38,70,63,-5.0777628e-05
39,70,64,-5.072501e-05
40,71,64,-7.934926e-05
41,72,64,-2.8727713e-05
42,72,65,-7.8906174e-05
43,73,65,-7.8546465e-05
44,74,65,-2.843532e-05
45,74,66,-7.799002e-05
46,75,66,-7.773892e-05
47,75,67,-2.824037e-05
48,76,67,-7.7177865e-05
49,77,67,-7.692501e-05
50,77,68,-2.7943935e-05
51,78,68,-7.647185e-05
52,79,68,-4.8434453e-05
53,79,69,-4.8377926e-05
54,80,69,-7.565045e-05
55,81,69,-2.7338396e-05
56,81,70,-4.7780642e-05
57,82,70,-0.0001020201
58,83,70,-2.7035898e-05
59,83,71,-7.424885e-05
60,84,71,-7.3988725e-05
61,84,72,-2.6874957e-05
62,85,72,-7.341757e-05
63,86,72,-7.315772e-05
64,86,73,-2.6572216e-05
65,87,73,-7.25847e-05
66,88,73,-4.5958175e-05
67,88,74,-2.6228989e-05
68,89,74,-9.7834745e-05
69,90,74,-2.5958521e-05
70,90,75,-4.5367397e-05
71,91,75,-2.570868e-05
72,92,75,-2.541245e-05
73,92,76,-4.4267097e-05
74,93,76,-9.373206e-05
75,94,76,-2.4701922e-05
76,94,77,-6.749652e-05
77,95,77,-6.6680426e-05
78,95,78,-2.413575e-05
79,96,78,-6.554896e-05
80,97,78,-4.119585e-05
81,97,79,-4.0925013e-05
82,98,79,-6.348914e-05
83,99,79,-2.2832211e-05
84,99,80,-3.968169e-05
85,100,80,-8.3906496e-05
86,101,80,-2.2080838e-05
87,101,81,-6.028708e-05
88,102,81,-8.124006e-05
89,102,82,-2.1513077e-05
90,103,82,-5.8335758e-05
91,104,82,-5.7519697e-05
92,104,83,-2.0803744e-05
93,105,83,-5.6385463e-05
94,106,83,-3.536404e-05
95,106,84,-2.005318e-05
96,107,84,-7.407054e-05
97,108,84,-1.9496838e-05
98,108,85,-3.3845652e-05
99,109,85,-7.139944e-05
100,110,85,-1.8744871e-05
101,110,86,-5.1115054e-05
102,111,86,-5.0405735e-05
103,111,87,-1.8175588e-05
104,112,87,-4.9158138e-05
105,113,87,-3.076237e-05
106,113,88,-3.0489737e-05
107,114,88,-4.719838e-05
108,115,88,-2.9514895e-05
109,115,89,-1.6709882e-05
110,116,89,-6.153202e-05
111,117,89,-1.6152702e-05
112,117,90,-2.799203e-05
113,118,90,-5.8853864e-05
114,119,90,-1.5398307e-05
115,119,91,-4.1910374e-05
116,120,91,-4.1198495e-05
117,120,92,-1.4826868e-05
118,121,92,-3.9946757e-05
119,122,92,-2.4898794e-05
120,122,93,-1.4072035e-05
121,123,93,-5.1788218e-05
122,124,93,-1.3512885e-05
123,124,94,-1.335608e-05
124,125,94,-4.9104983e-05
125,126,94,-1.2796677e-05
126,126,95,-2.2118391e-05
127,127,95,-4.641657e-05
128,128,95,-1.2080076e-05
129,128,96,-3.2894917e-05
130,129,96,-3.2180495e-05
131,129,97,-1.1546557e-05
132,130,97,-3.0924188e-05
133,131,97,-3.020962e-05
134,131,98,-1.0829493e-05
135,132,98,-3.962837e-05
136,133,98,-1.7970906e-05
137,133,99,-1.015212e-05
138,134,99,-3.6940797e-05
139,135,99,-9.591953e-06
140,135,100,-1.6510341e-05
141,136,100,-2.5226824e-05
142,137,100,-8.873871e-06
143,137,101,-2.4077299e-05
144,138,101,-2.3250115e-05
145,139,101,-8.195052e-06
146,139,102,-3.0135498e-05
147,140,102,-2.1383694e-05
148,140,103,-7.6192505e-06
149,141,103,-2.744132e-05
150,142,103,-1.2350831e-05
151,142,104,-6.900411e-06
152,143,104,-1.8256429e-05
153,144,104,-1.1161425e-05
154,144,105,-1.0885118e-05
155,145,105,-1.627604e-05
156,146,105,-5.6581102e-06
157,146,106,-1.5122774e-05
158,147,106,-1.4403482e-05
159,148,106,-4.9371e-06
160,148,107,-1.3249245e-05
161,149,107,-1.2419699e-05
162,149,108,-4.398526e-06
163,150,108,-1.1264413e-05
164,151,108,-1.0544313e-05
165,151,109,-3.6763881e-06
166,152,109,-9.388881e-06
167,153,109,-5.446009e-06
168,153,110,-5.238415e-06
169,154,110,-2.6911791e-06
170,155,110,-7.667748e-06
171,156,110,-7.824964e-06
172,157,110,-7.98204e-06
173,158,110,-8.248691e-06
174,159,110,-8.405142e-06
175,160,110,-8.561289e-06
176,161,110,-8.7171775e-06
177,162,110,-8.872871e-06
178,163,110,-9.028532e-06
179,164,110,-3.1798631e-06
180,165,110,-5.2431947e-06
181,165,111,-2.8765344e-06
182,166,111,-7.1831805e-06
183,167,111,-6.566882e-06
184,167,112,-2.2683091e-06
185,168,112,-5.510363e-06
186,169,112,-4.8941743e-06
187,169,113,-1.6598423e-06
188,170,113,-5.2327155e-06
189,171,113,-2.0483233e-06
190,171,114,-1.0505711e-06
191,172,114,-2.1599628e-06
192,173,114,-1.5406906e-06
193,173,115,-4.3972665e-07
194,174,115,-4.7940347e-07
195,175,115,0.0
196,175,116,0.0
197,176,116,0.0
198,177,116,0.0
199,178,116,0.0
200,178,117,0.0
201,179,117,0.0
202,180,117,0.0
203,180,118,0.0
204,181,118,0.0
205,182,118,0.0
206,182,119,0.0
207,183,119,0.0
208,184,119,0.0
209,184,120,0.0
210,185,120,0.0
211,186,120,0.0
212,186,121,0.0
213,187,121,0.0
214,188,121,0.0
215,188,122,0.0
216,189,122,0.0
217,190,122,0.0
218,190,123,0.0
219,191,123,0.0
220,192,123,0.0
221,192,124,0.0
222,193,124,0.0
223,194,124,0.0
224,194,125,0.0
225,195,125,0.0
226,196,125,0.0
227,196,126,0.0
228,197,126,0.0
229,198,126,0.0
230,198,127,0.0
231,199,127,0.0
232,200,127,0.0
233,200,128,0.0
234,201,128,0.0
235,202,128,0.0
236,202,129,0.0
237,203,129,0.0
238,204,129,0.0
239,204,130,0.0
240,205,130,0.0
241,206,130,0.0
242,207,130,0.0
243,207,131,0.0
244,208,131,0.0
245,209,131,0.0
246,209,132,0.0
247,210,132,0.0
248,211,132,0.0
249,212,132,0.0
250,212,133,0.0
251,213,133,0.0
252,214,133,0.0
253,214,134,0.0
254,215,134,0.0
255,216,134,0.0
256,216,135,0.0
257,217,135,0.0
258,218,135,0.0
259,219,135,0.0
260,219,136,0.0
261,220,136,0.0
262,221,136,0.0
263,221,137,0.0
264,222,137,0.0
265,223,137,0.0
266,223,138,0.0
267,224,138,0.0
268,225,138,0.0
269,226,138,0.0
270,226,139,0.0
271,227,139,0.0
272,228,139,0.0
273,228,140,0.0
274,229,140,0.0
275,230,140,0.0
276,230,141,0.0
277,231,141,0.0
278,232,141,0.0
279,233,141,0.0
280,233,142,0.0
281,234,142,0.0
282,235,142,0.0
283,235,143,0.0
284,236,143,0.0
285,237,143,0.0
286,237,144,0.0
287,238,144,0.0
288,239,144,0.0
289,240,144,0.0
290,240,145,0.0
291,241,145,0.0
292,242,145,0.0
293,242,146,0.0
294,243,146,0.0
295,244,146,0.0
296,244,147,0.0
297,245,147,0.0
298,246,147,0.0
299,247,147,0.0
300,247,148,0.0
301,248,148,0.0
302,249,148,0.0
303,249,149,0.0
304,250,149,0.0
305,251,149,0.0
306,251,150,0.0
307,252,150,0.0
308,253,150,0.0
309,254,150,0.0
310,254,151,0.0
311,255,151,0.0
312,256,151,0.0
313,256,152,0.0
314,257,152,0.0
315,258,152,0.0
316,258,153,0.0
317,259,153,0.0
318,260,153,0.0
319,261,153,0.0
320,261,154,0.0
321,262,154,0.0
322,263,154,0.0
323,263,155,0.0
324,264,155,0.0
325,265,155,0.0
326,265,156,0.0
327,266,156,0.0
