model,kt,ka,sa_coeff,n,flow_out_reach,stream_depth,geom,icalc,elev,flow_diff,depth_diff,flow_perc_err,depth_perc_err,combined_perc_err
M1,1e-05,1e-06,-0.5,0.03,0.012942,0.06492,nSEG,1,GNSS,0.006057999999999999,0.13508,0.31884210526315787,0.6754,0.4971210526315789
M2,1e-05,1e-06,-0.5,0.035,0.012917,0.07114,nSEG,1,GNSS,0.006083,0.12886000000000003,0.3201578947368421,0.6443000000000001,0.4822289473684211
M3,1e-05,1e-06,-0.5,0.04,0.012893,0.07699,nSEG,1,GNSS,0.006107,0.12301000000000001,0.32142105263157894,0.61505,0.46823552631578946
M4,1e-05,1e-06,-0.5,0.05,0.012846,0.08784,nSEG,1,GNSS,0.006154,0.11216000000000001,0.32389473684210524,0.5608,0.4423473684210526
M5,1e-05,1e-06,-0.5,0.08,0.012719,0.1159,nSEG,1,GNSS,0.006281,0.08410000000000001,0.3305789473684211,0.42050000000000004,0.3755394736842106
M6,1e-05,1e-06,-0.25,0.03,0.012963,0.05748,nSEG,1,GNSS,0.006036999999999999,0.14252,0.3177368421052631,0.7126,0.5151684210526315
M7,1e-05,1e-06,-0.25,0.035,0.012939,0.06304,nSEG,1,GNSS,0.006060999999999999,0.13696000000000003,0.31899999999999995,0.6848000000000001,0.5019
M8,1e-05,1e-06,-0.25,0.04,0.012918,0.06825,nSEG,1,GNSS,0.006081999999999999,0.13175,0.32010526315789467,0.65875,0.4894276315789473
M9,1e-05,1e-06,-0.25,0.05,0.012879,0.07789,nSEG,1,GNSS,0.006121,0.12211000000000001,0.3221578947368421,0.61055,0.46635394736842106
M10,1e-05,1e-06,-0.25,0.08,0.012768,0.1028,nSEG,1,GNSS,0.006232,0.09720000000000001,0.328,0.48600000000000004,0.40700000000000003
M11,1e-05,1e-06,0.0,0.03,0.012972,0.05272,nSEG,1,GNSS,0.006028,0.14728000000000002,0.31726315789473686,0.7364,0.5268315789473684
M12,1e-05,1e-06,0.0,0.035,0.012951,0.05781,nSEG,1,GNSS,0.006048999999999999,0.14219,0.3183684210526315,0.71095,0.5146592105263157
M13,1e-05,1e-06,0.0,0.04,0.01293,0.06262,nSEG,1,GNSS,0.006069999999999999,0.13738,0.3194736842105263,0.6869,0.5031868421052631
M14,1e-05,1e-06,0.0,0.05,0.012895,0.0715,nSEG,1,GNSS,0.006104999999999999,0.1285,0.32131578947368417,0.6425,0.48190789473684204
M15,1e-05,1e-06,0.0,0.08,0.012796,0.09439,nSEG,1,GNSS,0.0062039999999999994,0.10561000000000001,0.32652631578947366,0.52805,0.42728815789473684
M16,1e-05,1e-06,0.25,0.03,0.012956,0.04945,nSEG,1,GNSS,0.006043999999999999,0.15055000000000002,0.31810526315789467,0.75275,0.5354276315789473
M17,1e-05,1e-06,0.25,0.035,0.012957,0.05405,nSEG,1,GNSS,0.006043,0.14595000000000002,0.31805263157894736,0.7297500000000001,0.5239013157894737
M18,1e-05,1e-06,0.25,0.04,0.012937,0.05855,nSEG,1,GNSS,0.006062999999999999,0.14145000000000002,0.31910526315789467,0.70725,0.5131776315789474
M19,1e-05,1e-06,0.25,0.05,0.012903,0.06689,nSEG,1,GNSS,0.006097,0.13311,0.3208947368421053,0.66555,0.4932223684210526
M20,1e-05,1e-06,0.25,0.08,0.012813,0.08833,nSEG,1,GNSS,0.006187,0.11167,0.32563157894736844,0.55835,0.4419907894736842
M21,1e-05,1e-06,0.5,0.03,0.012983,0.04662,nSEG,1,GNSS,0.006017,0.15338000000000002,0.3166842105263158,0.7669,0.5417921052631579
M22,1e-05,1e-06,0.5,0.035,0.012929,0.05141,nSEG,1,GNSS,0.006071,0.14859,0.3195263157894737,0.74295,0.5312381578947368
M23,1e-05,1e-06,0.5,0.04,0.012941,0.05541,nSEG,1,GNSS,0.006059,0.14459,0.3188947368421053,0.72295,0.5209223684210527
M24,1e-05,1e-06,0.5,0.05,0.012907,0.06333,nSEG,1,GNSS,0.0060929999999999995,0.13667,0.3206842105263158,0.68335,0.5020171052631579
M25,1e-05,1e-06,0.5,0.08,0.012824,0.08368,nSEG,1,GNSS,0.006175999999999999,0.11632,0.3250526315789473,0.5816,0.4533263157894737
M26,1e-05,5.5e-06,-0.5,0.03,0.017453,0.0776,nSEG,1,GNSS,0.0015469999999999998,0.12240000000000001,0.08142105263157894,0.612,0.34671052631578947
M27,1e-05,5.5e-06,-0.5,0.035,0.017413,0.08505,nSEG,1,GNSS,0.0015869999999999981,0.11495000000000001,0.08352631578947359,0.57475,0.32913815789473677
M28,1e-05,5.5e-06,-0.5,0.04,0.017377,0.09206,nSEG,1,GNSS,0.0016229999999999994,0.10794000000000001,0.08542105263157893,0.5397,0.31256052631578946
M29,1e-05,5.5e-06,-0.5,0.05,0.017309,0.1051,nSEG,1,GNSS,0.001690999999999998,0.09490000000000001,0.0889999999999999,0.47450000000000003,0.28174999999999994
M30,1e-05,5.5e-06,-0.5,0.08,0.017136,0.1387,nSEG,1,GNSS,0.001864000000000001,0.06130000000000002,0.09810526315789479,0.3065000000000001,0.20230263157894746
M31,1e-05,5.5e-06,-0.25,0.03,0.017495,0.06872,nSEG,1,GNSS,0.0015049999999999994,0.13128,0.07921052631578944,0.6564,0.3678052631578947
M32,1e-05,5.5e-06,-0.25,0.035,0.017455,0.07536,nSEG,1,GNSS,0.0015450000000000012,0.12464000000000001,0.08131578947368427,0.6232000000000001,0.35225789473684216
M33,1e-05,5.5e-06,-0.25,0.04,0.017422,0.0816,nSEG,1,GNSS,0.0015779999999999995,0.1184,0.08305263157894735,0.592,0.3375263157894737
M34,1e-05,5.5e-06,-0.25,0.05,0.017361,0.09315,nSEG,1,GNSS,0.001638999999999998,0.10685000000000001,0.08626315789473675,0.53425,0.31025657894736836
M35,1e-05,5.5e-06,-0.25,0.08,0.017205,0.123,nSEG,1,GNSS,0.001794999999999998,0.07700000000000001,0.09447368421052621,0.38500000000000006,0.23973684210526314
M36,1e-05,5.5e-06,0.0,0.03,0.017518,0.06304,nSEG,1,GNSS,0.0014820000000000007,0.13696000000000003,0.07800000000000004,0.6848000000000001,0.3814000000000001
M37,1e-05,5.5e-06,0.0,0.035,0.017482,0.06912,nSEG,1,GNSS,0.0015179999999999985,0.13088,0.07989473684210519,0.6544,0.36714736842105256
M38,1e-05,5.5e-06,0.0,0.04,0.017448,0.07488,nSEG,1,GNSS,0.0015519999999999978,0.12512,0.08168421052631568,0.6256,0.35364210526315787
M39,1e-05,5.5e-06,0.0,0.05,0.017391,0.08551,nSEG,1,GNSS,0.0016089999999999993,0.11449000000000001,0.08468421052631575,0.57245,0.3285671052631579
M40,1e-05,5.5e-06,0.0,0.08,0.017247,0.1129,nSEG,1,GNSS,0.001753000000000001,0.08710000000000001,0.09226315789473691,0.43550000000000005,0.26388157894736847
M41,1e-05,5.5e-06,0.25,0.03,0.017512,0.05908,nSEG,1,GNSS,0.0014879999999999997,0.14092000000000002,0.0783157894736842,0.7046,0.3914578947368421
M42,1e-05,5.5e-06,0.25,0.035,0.017499,0.06464,nSEG,1,GNSS,0.0015009999999999989,0.13536,0.07899999999999995,0.6768,0.37789999999999996
M43,1e-05,5.5e-06,0.25,0.04,0.017467,0.07001,nSEG,1,GNSS,0.0015329999999999996,0.12999,0.08068421052631577,0.6499499999999999,0.36531710526315786
M44,1e-05,5.5e-06,0.25,0.05,0.01741,0.07999,nSEG,1,GNSS,0.0015900000000000011,0.12001,0.08368421052631585,0.60005,0.3418671052631579
M45,1e-05,5.5e-06,0.25,0.08,0.017275,0.1057,nSEG,1,GNSS,0.0017250000000000008,0.09430000000000001,0.09078947368421057,0.47150000000000003,0.2811447368421053
M46,1e-05,5.5e-06,0.5,0.03,0.01755,0.05576,nSEG,1,GNSS,0.00145,0.14424,0.07631578947368421,0.7212,0.3987578947368421
M47,1e-05,5.5e-06,0.5,0.035,0.017478,0.06141,nSEG,1,GNSS,0.001521999999999999,0.13859000000000002,0.0801052631578947,0.6929500000000001,0.3865276315789474
M48,1e-05,5.5e-06,0.5,0.04,0.01748,0.06627,nSEG,1,GNSS,0.0015200000000000005,0.13373000000000002,0.08000000000000003,0.6686500000000001,0.3743250000000001
M49,1e-05,5.5e-06,0.5,0.05,0.017423,0.07574,nSEG,1,GNSS,0.0015769999999999985,0.12426000000000001,0.08299999999999992,0.6213,0.35214999999999996
M50,1e-05,5.5e-06,0.5,0.08,0.017295,0.1001,nSEG,1,GNSS,0.0017049999999999982,0.09990000000000002,0.08973684210526306,0.49950000000000006,0.2946184210526316
M51,1e-05,1e-05,-0.5,0.03,0.021566,0.08806,nSEG,1,GNSS,-0.002565999999999999,0.11194000000000001,0.1350526315789473,0.5597,0.34737631578947364
M52,1e-05,1e-05,-0.5,0.035,0.021512,0.09651,nSEG,1,GNSS,-0.0025120000000000003,0.10349000000000001,0.1322105263157895,0.5174500000000001,0.32483026315789476
M53,1e-05,1e-05,-0.5,0.04,0.021462,0.1045,nSEG,1,GNSS,-0.002461999999999999,0.09550000000000002,0.129578947368421,0.47750000000000004,0.3035394736842105
M54,1e-05,1e-05,-0.5,0.05,0.021373,0.1192,nSEG,1,GNSS,-0.002373,0.08080000000000001,0.12489473684210527,0.404,0.26444736842105265
M55,1e-05,1e-05,-0.5,0.08,0.021153,0.1574,nSEG,1,GNSS,-0.002153000000000002,0.0426,0.11331578947368433,0.213,0.16315789473684217
M56,1e-05,1e-05,-0.25,0.03,0.021628,0.07798,nSEG,1,GNSS,-0.002628000000000002,0.12202000000000002,0.1383157894736843,0.6101000000000001,0.3742078947368422
M57,1e-05,1e-05,-0.25,0.035,0.021574,0.08552,nSEG,1,GNSS,-0.002574,0.11448000000000001,0.1354736842105263,0.5724,0.35393684210526316
M58,1e-05,1e-05,-0.25,0.04,0.021527,0.0926,nSEG,1,GNSS,-0.0025270000000000015,0.10740000000000001,0.1330000000000001,0.537,0.3350000000000001
M59,1e-05,1e-05,-0.25,0.05,0.021445,0.1057,nSEG,1,GNSS,-0.0024449999999999993,0.09430000000000001,0.12868421052631576,0.47150000000000003,0.3000921052631579
M60,1e-05,1e-05,-0.25,0.08,0.021244,0.1396,nSEG,1,GNSS,-0.0022439999999999995,0.06040000000000001,0.11810526315789471,0.30200000000000005,0.21005263157894738
M61,1e-05,1e-05,0.0,0.03,0.021665,0.07155,nSEG,1,GNSS,-0.0026650000000000007,0.12845,0.1402631578947369,0.64225,0.3912565789473684
M62,1e-05,1e-05,0.0,0.035,0.021615,0.07845,nSEG,1,GNSS,-0.0026149999999999993,0.12155,0.13763157894736838,0.60775,0.37269078947368417
M63,1e-05,1e-05,0.0,0.04,0.021568,0.08497,nSEG,1,GNSS,-0.002568000000000001,0.11503000000000001,0.13515789473684214,0.57515,0.3551539473684211
M64,1e-05,1e-05,0.0,0.05,0.021489,0.09704,nSEG,1,GNSS,-0.0024890000000000016,0.10296000000000001,0.1310000000000001,0.5148,0.3229000000000001
M65,1e-05,1e-05,0.0,0.08,0.0213,0.1282,nSEG,1,GNSS,-0.0023,0.0718,0.12105263157894737,0.359,0.24002631578947367
M66,1e-05,1e-05,0.25,0.03,0.021668,0.06703,nSEG,1,GNSS,-0.0026680000000000002,0.13297,0.14042105263157897,0.6648499999999999,0.40263552631578947
M67,1e-05,1e-05,0.25,0.035,0.021642,0.07337,nSEG,1,GNSS,-0.002642000000000002,0.12663000000000002,0.13905263157894748,0.6331500000000001,0.3861013157894738
M68,1e-05,1e-05,0.25,0.04,0.021597,0.07946,nSEG,1,GNSS,-0.002597000000000002,0.12054000000000001,0.1366842105263159,0.6027,0.369692105263158
M69,1e-05,1e-05,0.25,0.05,0.021519,0.09079,nSEG,1,GNSS,-0.0025190000000000004,0.10921000000000002,0.13257894736842107,0.54605,0.3393144736842105
M70,1e-05,1e-05,0.25,0.08,0.021339,0.12,nSEG,1,GNSS,-0.002339000000000001,0.08000000000000002,0.12310526315789479,0.4000000000000001,0.2615526315789474
M71,1e-05,1e-05,0.5,0.03,0.021717,0.0633,nSEG,1,GNSS,-0.0027170000000000007,0.13670000000000002,0.14300000000000004,0.6835,0.41325
M72,1e-05,1e-05,0.5,0.035,0.021627,0.06966,nSEG,1,GNSS,-0.002627000000000001,0.13034,0.1382631578947369,0.6517000000000001,0.39498157894736846
M73,1e-05,1e-05,0.5,0.04,0.021619,0.07522,nSEG,1,GNSS,-0.002619,0.12478000000000002,0.13784210526315788,0.6239,0.38087105263157894
M74,1e-05,1e-05,0.5,0.05,0.021542,0.08597,nSEG,1,GNSS,-0.002541999999999999,0.11403,0.13378947368421049,0.57015,0.35196973684210525
M75,1e-05,1e-05,0.5,0.08,0.021368,0.1137,nSEG,1,GNSS,-0.002368000000000002,0.08630000000000002,0.12463157894736854,0.43150000000000005,0.2780657894736843
M76,1e-05,5.5e-05,-0.5,0.03,0.049607,0.1447,nSEG,1,GNSS,-0.030607,0.055300000000000016,1.6108947368421052,0.2765000000000001,0.9436973684210526
M77,1e-05,5.5e-05,-0.5,0.035,0.049483,0.1585,nSEG,1,GNSS,-0.030483,0.04150000000000001,1.6043684210526317,0.20750000000000005,0.9059342105263158
M78,1e-05,5.5e-05,-0.5,0.04,0.049368,0.1715,nSEG,1,GNSS,-0.030368000000000003,0.028499999999999998,1.5983157894736844,0.1425,0.8704078947368422
M79,1e-05,5.5e-05,-0.5,0.05,0.049141,0.1956,nSEG,1,GNSS,-0.030140999999999998,0.004400000000000015,1.5863684210526314,0.022000000000000075,0.8041842105263157
M80,1e-05,5.5e-05,-0.5,0.08,0.048539,0.2577,nSEG,1,GNSS,-0.029539,-0.057699999999999974,1.554684210526316,0.28849999999999987,0.9215921052631579
M81,1e-05,5.5e-05,-0.25,0.03,0.049734,0.1283,nSEG,1,GNSS,-0.030734,0.07170000000000001,1.6175789473684212,0.35850000000000004,0.9880394736842106
M82,1e-05,5.5e-05,-0.25,0.035,0.049634,0.1406,nSEG,1,GNSS,-0.030633999999999998,0.05940000000000001,1.6123157894736841,0.29700000000000004,0.954657894736842
M83,1e-05,5.5e-05,-0.25,0.04,0.049531,0.1521,nSEG,1,GNSS,-0.030531,0.0479,1.6068947368421052,0.2395,0.9231973684210526
M84,1e-05,5.5e-05,-0.25,0.05,0.049342,0.1735,nSEG,1,GNSS,-0.030341999999999997,0.026500000000000024,1.5969473684210524,0.13250000000000012,0.8647236842105263
M85,1e-05,5.5e-05,-0.25,0.08,0.04881,0.2288,nSEG,1,GNSS,-0.02981,-0.028799999999999992,1.5689473684210526,0.14399999999999996,0.8564736842105263
M86,1e-05,5.5e-05,0.0,0.03,0.049812,0.1178,nSEG,1,GNSS,-0.030812000000000003,0.08220000000000001,1.621684210526316,0.41100000000000003,1.016342105263158
M87,1e-05,5.5e-05,0.0,0.035,0.04972,0.1291,nSEG,1,GNSS,-0.03072,0.07090000000000002,1.616842105263158,0.3545000000000001,0.9856710526315791
M88,1e-05,5.5e-05,0.0,0.04,0.049633,0.1397,nSEG,1,GNSS,-0.030632999999999997,0.06030000000000002,1.6122631578947366,0.3015000000000001,0.9568815789473684
M89,1e-05,5.5e-05,0.0,0.05,0.049459,0.1594,nSEG,1,GNSS,-0.030459000000000003,0.040600000000000025,1.603105263157895,0.20300000000000012,0.9030526315789476
M90,1e-05,5.5e-05,0.0,0.08,0.048984,0.2103,nSEG,1,GNSS,-0.029984,-0.010299999999999976,1.5781052631578947,0.05149999999999988,0.8148026315789473
M91,1e-05,5.5e-05,0.25,0.03,0.049877,0.1102,nSEG,1,GNSS,-0.030876999999999998,0.0898,1.6251052631578946,0.449,1.0370526315789472
M92,1e-05,5.5e-05,0.25,0.035,0.049779,0.1208,nSEG,1,GNSS,-0.030778999999999997,0.0792,1.6199473684210526,0.396,1.0079736842105262
M93,1e-05,5.5e-05,0.25,0.04,0.049698,0.1308,nSEG,1,GNSS,-0.030698,0.06920000000000001,1.6156842105263158,0.34600000000000003,0.980842105263158
M94,1e-05,5.5e-05,0.25,0.05,0.049545,0.1492,nSEG,1,GNSS,-0.030545,0.05080000000000001,1.6076315789473685,0.25400000000000006,0.9308157894736843
M95,1e-05,5.5e-05,0.25,0.08,0.049106,0.1969,nSEG,1,GNSS,-0.030105999999999997,0.0031000000000000194,1.5845263157894736,0.015500000000000097,0.8000131578947368
M96,1e-05,5.5e-05,0.5,0.03,0.049942,0.1045,nSEG,1,GNSS,-0.030942,0.09550000000000002,1.6285263157894738,0.47750000000000004,1.0530131578947368
M97,1e-05,5.5e-05,0.5,0.035,0.049845,0.1144,nSEG,1,GNSS,-0.030845,0.08560000000000001,1.623421052631579,0.42800000000000005,1.0257105263157895
M98,1e-05,5.5e-05,0.5,0.04,0.049746,0.1239,nSEG,1,GNSS,-0.030746,0.07610000000000001,1.6182105263157895,0.38050000000000006,0.9993552631578948
M99,1e-05,5.5e-05,0.5,0.05,0.049604,0.1414,nSEG,1,GNSS,-0.030604000000000003,0.05860000000000001,1.6107368421052632,0.29300000000000004,0.9518684210526316
M100,1e-05,5.5e-05,0.5,0.08,0.049192,0.1866,nSEG,1,GNSS,-0.030192,0.013400000000000023,1.5890526315789475,0.06700000000000012,0.8280263157894738
M101,1e-05,0.0001,-0.5,0.03,0.06569,0.1713,nSEG,1,GNSS,-0.046689999999999995,0.028700000000000003,2.457368421052631,0.14350000000000002,1.3004342105263156
M102,1e-05,0.0001,-0.5,0.035,0.065618,0.1877,nSEG,1,GNSS,-0.04661799999999999,0.012300000000000005,2.453578947368421,0.06150000000000003,1.2575394736842105
M103,1e-05,0.0001,-0.5,0.04,0.065513,0.2032,nSEG,1,GNSS,-0.046513,-0.0031999999999999806,2.4480526315789475,0.015999999999999903,1.2320263157894737
M104,1e-05,0.0001,-0.5,0.05,0.06532,0.232,nSEG,1,GNSS,-0.04632,-0.032,2.437894736842105,0.16,1.2989473684210526
M105,1e-05,0.0001,-0.5,0.08,0.064626,0.3057,nSEG,1,GNSS,-0.045626,-0.10570000000000002,2.4013684210526316,0.5285000000000001,1.464934210526316
M106,1e-05,0.0001,-0.25,0.03,0.065777,0.1518,nSEG,1,GNSS,-0.046777,0.04820000000000002,2.4619473684210527,0.2410000000000001,1.3514736842105264
M107,1e-05,0.0001,-0.25,0.035,0.065708,0.1664,nSEG,1,GNSS,-0.046708,0.03360000000000002,2.4583157894736845,0.1680000000000001,1.3131578947368423
M108,1e-05,0.0001,-0.25,0.04,0.065635,0.1801,nSEG,1,GNSS,-0.046634999999999996,0.0199,2.454473684210526,0.0995,1.276986842105263
M109,1e-05,0.0001,-0.25,0.05,0.06549,0.2057,nSEG,1,GNSS,-0.046490000000000004,-0.005699999999999983,2.446842105263158,0.028499999999999914,1.2376710526315788
M110,1e-05,0.0001,-0.25,0.08,0.064917,0.2714,nSEG,1,GNSS,-0.045917,-0.07139999999999996,2.416684210526316,0.3569999999999998,1.3868421052631579
M111,1e-05,0.0001,0.0,0.03,0.065859,0.1393,nSEG,1,GNSS,-0.046859,0.060700000000000004,2.466263157894737,0.3035,1.3848815789473685
M112,1e-05,0.0001,0.0,0.035,0.065766,0.1527,nSEG,1,GNSS,-0.046766,0.04730000000000001,2.4613684210526316,0.23650000000000004,1.3489342105263158
M113,1e-05,0.0001,0.0,0.04,0.065706,0.1653,nSEG,1,GNSS,-0.046706,0.03470000000000001,2.4582105263157894,0.17350000000000004,1.3158552631578948
M114,1e-05,0.0001,0.0,0.05,0.065598,0.1888,nSEG,1,GNSS,-0.046598,0.011200000000000015,2.452526315789474,0.05600000000000008,1.254263157894737
M115,1e-05,0.0001,0.0,0.08,0.065189,0.2496,nSEG,1,GNSS,-0.046188999999999994,-0.04959999999999998,2.4309999999999996,0.2479999999999999,1.3394999999999997
M116,1e-05,0.0001,0.25,0.03,0.065897,0.1303,nSEG,1,GNSS,-0.046896999999999994,0.06970000000000001,2.4682631578947367,0.34850000000000003,1.4083815789473684
M117,1e-05,0.0001,0.25,0.035,0.065815,0.1429,nSEG,1,GNSS,-0.046814999999999996,0.05710000000000001,2.4639473684210524,0.28550000000000003,1.3747236842105262
M118,1e-05,0.0001,0.25,0.04,0.065749,0.1547,nSEG,1,GNSS,-0.046749,0.04530000000000001,2.4604736842105264,0.22650000000000003,1.3434868421052633
M119,1e-05,0.0001,0.25,0.05,0.06564,0.1767,nSEG,1,GNSS,-0.04664,0.023300000000000015,2.4547368421052633,0.11650000000000008,1.2856184210526318
M120,1e-05,0.0001,0.25,0.08,0.06529,0.2336,nSEG,1,GNSS,-0.04629,-0.03359999999999999,2.436315789473684,0.16799999999999995,1.3021578947368422
M121,1e-05,0.0001,0.5,0.03,0.065881,0.1235,nSEG,1,GNSS,-0.04688099999999999,0.07650000000000001,2.4674210526315785,0.38250000000000006,1.4249605263157892
M122,1e-05,0.0001,0.5,0.035,0.065892,0.1353,nSEG,1,GNSS,-0.046892,0.06470000000000001,2.4680000000000004,0.3235,1.3957500000000003
M123,1e-05,0.0001,0.5,0.04,0.06579,0.1465,nSEG,1,GNSS,-0.04679,0.05350000000000002,2.4626315789473683,0.26750000000000007,1.3650657894736842
M124,1e-05,0.0001,0.5,0.05,0.065682,0.1673,nSEG,1,GNSS,-0.046682,0.03270000000000001,2.4569473684210528,0.16350000000000003,1.3102236842105264
M125,1e-05,0.0001,0.5,0.08,0.065364,0.2213,nSEG,1,GNSS,-0.046364,-0.021299999999999986,2.4402105263157896,0.10649999999999993,1.2733552631578948
M126,5.5e-05,1e-06,-0.5,0.03,0.037272,0.1227,nSEG,1,GNSS,-0.018272,0.07730000000000001,0.9616842105263158,0.3865,0.6740921052631579
M127,5.5e-05,1e-06,-0.5,0.035,0.037123,0.1344,nSEG,1,GNSS,-0.018123000000000004,0.06560000000000002,0.9538421052631582,0.32800000000000007,0.6409210526315792
M128,5.5e-05,1e-06,-0.5,0.04,0.036898,0.1449,nSEG,1,GNSS,-0.017898,0.05510000000000001,0.9420000000000001,0.2755,0.60875
M129,5.5e-05,1e-06,-0.5,0.05,0.036299,0.1644,nSEG,1,GNSS,-0.017299,0.03560000000000002,0.9104736842105262,0.1780000000000001,0.5442368421052631
M130,5.5e-05,1e-06,-0.5,0.08,0.035724,0.2159,nSEG,1,GNSS,-0.016724,-0.015899999999999997,0.8802105263157894,0.07949999999999999,0.47985526315789473
M131,5.5e-05,1e-06,-0.25,0.03,0.037504,0.1094,nSEG,1,GNSS,-0.018504000000000003,0.09060000000000001,0.9738947368421055,0.45300000000000007,0.7134473684210527
M132,5.5e-05,1e-06,-0.25,0.035,0.037287,0.1192,nSEG,1,GNSS,-0.018287,0.08080000000000001,0.9624736842105264,0.404,0.6832368421052633
M133,5.5e-05,1e-06,-0.25,0.04,0.037161,0.129,nSEG,1,GNSS,-0.018161,0.07100000000000001,0.9558421052631579,0.35500000000000004,0.655421052631579
M134,5.5e-05,1e-06,-0.25,0.05,0.036757,0.1462,nSEG,1,GNSS,-0.017757,0.053800000000000014,0.934578947368421,0.2690000000000001,0.6017894736842105
M135,5.5e-05,1e-06,-0.25,0.08,0.035972,0.1919,nSEG,1,GNSS,-0.016971999999999998,0.008100000000000024,0.8932631578947368,0.04050000000000012,0.4668815789473684
M136,5.5e-05,1e-06,0.0,0.03,0.037556,0.1003,nSEG,1,GNSS,-0.018556,0.09970000000000001,0.9766315789473684,0.49850000000000005,0.7375657894736842
M137,5.5e-05,1e-06,0.0,0.035,0.037467,0.11,nSEG,1,GNSS,-0.018467,0.09000000000000001,0.9719473684210527,0.45,0.7109736842105263
M138,5.5e-05,1e-06,0.0,0.04,0.037266,0.1184,nSEG,1,GNSS,-0.018266,0.0816,0.9613684210526316,0.40800000000000003,0.6846842105263158
M139,5.5e-05,1e-06,0.0,0.05,0.037052,0.1351,nSEG,1,GNSS,-0.018052000000000002,0.06490000000000001,0.9501052631578949,0.32450000000000007,0.6373026315789475
M140,5.5e-05,1e-06,0.0,0.08,0.03611,0.1765,nSEG,1,GNSS,-0.017110000000000004,0.02350000000000002,0.900526315789474,0.1175000000000001,0.509013157894737
M141,5.5e-05,1e-06,0.25,0.03,0.037589,0.09378,nSEG,1,GNSS,-0.018588999999999998,0.10622000000000001,0.9783684210526314,0.5311,0.7547342105263157
M142,5.5e-05,1e-06,0.25,0.035,0.0375,0.1028,nSEG,1,GNSS,-0.0185,0.09720000000000001,0.9736842105263158,0.48600000000000004,0.729842105263158
M143,5.5e-05,1e-06,0.25,0.04,0.037423,0.1114,nSEG,1,GNSS,-0.018423,0.08860000000000001,0.9696315789473684,0.44300000000000006,0.7063157894736842
M144,5.5e-05,1e-06,0.25,0.05,0.037131,0.1264,nSEG,1,GNSS,-0.018130999999999998,0.0736,0.9542631578947367,0.368,0.6611315789473684
M145,5.5e-05,1e-06,0.25,0.08,0.036195,0.1653,nSEG,1,GNSS,-0.017195,0.03470000000000001,0.9049999999999999,0.17350000000000004,0.53925
M146,5.5e-05,1e-06,0.5,0.03,0.03761,0.08877,nSEG,1,GNSS,-0.018609999999999998,0.11123000000000001,0.9794736842105263,0.55615,0.7678118421052631
M147,5.5e-05,1e-06,0.5,0.035,0.037521,0.09734,nSEG,1,GNSS,-0.018521,0.10266000000000002,0.9747894736842105,0.5133000000000001,0.7440447368421053
M148,5.5e-05,1e-06,0.5,0.04,0.037445,0.1054,nSEG,1,GNSS,-0.018445,0.09460000000000002,0.9707894736842105,0.4730000000000001,0.7218947368421054
M149,5.5e-05,1e-06,0.5,0.05,0.037185,0.1198,nSEG,1,GNSS,-0.018185000000000003,0.08020000000000001,0.9571052631578949,0.401,0.6790526315789475
M150,5.5e-05,1e-06,0.5,0.08,0.03625,0.1566,nSEG,1,GNSS,-0.017249999999999998,0.04340000000000002,0.9078947368421052,0.2170000000000001,0.5624473684210527
M151,5.5e-05,5.5e-06,-0.5,0.03,0.040758,0.1302,nSEG,1,GNSS,-0.021758000000000003,0.0698,1.1451578947368424,0.349,0.7470789473684212
M152,5.5e-05,5.5e-06,-0.5,0.035,0.040501,0.1419,nSEG,1,GNSS,-0.021501000000000003,0.05810000000000001,1.1316315789473685,0.29050000000000004,0.7110657894736843
M153,5.5e-05,5.5e-06,-0.5,0.04,0.040321,0.1532,nSEG,1,GNSS,-0.021321000000000003,0.04680000000000001,1.1221578947368422,0.23400000000000004,0.6780789473684211
M154,5.5e-05,5.5e-06,-0.5,0.05,0.039494,0.1739,nSEG,1,GNSS,-0.020494000000000002,0.026100000000000012,1.0786315789473686,0.13050000000000006,0.6045657894736843
M155,5.5e-05,5.5e-06,-0.5,0.08,0.038896,0.2288,nSEG,1,GNSS,-0.019896,-0.028799999999999992,1.047157894736842,0.14399999999999996,0.595578947368421
M156,5.5e-05,5.5e-06,-0.25,0.03,0.040843,0.1153,nSEG,1,GNSS,-0.021842999999999998,0.08470000000000001,1.1496315789473683,0.42350000000000004,0.7865657894736842
M157,5.5e-05,5.5e-06,-0.25,0.035,0.040756,0.1264,nSEG,1,GNSS,-0.021756,0.0736,1.1450526315789475,0.368,0.7565263157894737
M158,5.5e-05,5.5e-06,-0.25,0.04,0.040535,0.1361,nSEG,1,GNSS,-0.021535000000000002,0.06390000000000001,1.133421052631579,0.31950000000000006,0.7264605263157896
M159,5.5e-05,5.5e-06,-0.25,0.05,0.040221,0.1548,nSEG,1,GNSS,-0.021221,0.04520000000000002,1.1168947368421054,0.2260000000000001,0.6714473684210527
M160,5.5e-05,5.5e-06,-0.25,0.08,0.03917,0.2032,nSEG,1,GNSS,-0.020170000000000004,-0.0031999999999999806,1.0615789473684212,0.015999999999999903,0.5387894736842105
M161,5.5e-05,5.5e-06,0.0,0.03,0.040893,0.1057,nSEG,1,GNSS,-0.021893,0.09430000000000001,1.1522631578947369,0.47150000000000003,0.8118815789473685
M162,5.5e-05,5.5e-06,0.0,0.035,0.040807,0.1159,nSEG,1,GNSS,-0.021807000000000003,0.08410000000000001,1.1477368421052634,0.42050000000000004,0.7841184210526317
M163,5.5e-05,5.5e-06,0.0,0.04,0.040732,0.1256,nSEG,1,GNSS,-0.021731999999999998,0.07440000000000002,1.1437894736842105,0.3720000000000001,0.7578947368421053
M164,5.5e-05,5.5e-06,0.0,0.05,0.040431,0.1426,nSEG,1,GNSS,-0.021431000000000002,0.05740000000000001,1.1279473684210528,0.28700000000000003,0.7074736842105265
M165,5.5e-05,5.5e-06,0.0,0.08,0.039306,0.1868,nSEG,1,GNSS,-0.020306,0.013200000000000017,1.0687368421052632,0.06600000000000009,0.5673684210526316
M166,5.5e-05,5.5e-06,0.25,0.03,0.040924,0.09886,nSEG,1,GNSS,-0.021924000000000003,0.10114000000000001,1.1538947368421055,0.5057,0.8297973684210528
M167,5.5e-05,5.5e-06,0.25,0.035,0.040838,0.1084,nSEG,1,GNSS,-0.021838,0.09160000000000001,1.1493684210526316,0.4580000000000001,0.8036842105263158
M168,5.5e-05,5.5e-06,0.25,0.04,0.040764,0.1174,nSEG,1,GNSS,-0.021764000000000002,0.0826,1.1454736842105264,0.41300000000000003,0.7792368421052632
M169,5.5e-05,5.5e-06,0.25,0.05,0.040504,0.1334,nSEG,1,GNSS,-0.021504,0.06660000000000002,1.1317894736842105,0.3330000000000001,0.7323947368421053
M170,5.5e-05,5.5e-06,0.25,0.08,0.039391,0.1749,nSEG,1,GNSS,-0.020391000000000003,0.02510000000000001,1.0732105263157896,0.12550000000000006,0.5993552631578949
M171,5.5e-05,5.5e-06,0.5,0.03,0.040943,0.09359,nSEG,1,GNSS,-0.021943,0.10641,1.1548947368421054,0.53205,0.8434723684210528
M172,5.5e-05,5.5e-06,0.5,0.035,0.040859,0.1026,nSEG,1,GNSS,-0.021859,0.09740000000000001,1.1504736842105263,0.48700000000000004,0.8187368421052632
M173,5.5e-05,5.5e-06,0.5,0.04,0.040785,0.1111,nSEG,1,GNSS,-0.021785000000000002,0.0889,1.1465789473684211,0.4445,0.7955394736842105
M174,5.5e-05,5.5e-06,0.5,0.05,0.040661,0.127,nSEG,1,GNSS,-0.021661000000000003,0.07300000000000001,1.1400526315789477,0.36500000000000005,0.7525263157894738
M175,5.5e-05,5.5e-06,0.5,0.08,0.039448,0.1657,nSEG,1,GNSS,-0.020447999999999997,0.034300000000000025,1.0762105263157893,0.17150000000000012,0.6238552631578947
M176,5.5e-05,1e-05,-0.5,0.03,0.043857,0.1361,nSEG,1,GNSS,-0.024857,0.06390000000000001,1.308263157894737,0.31950000000000006,0.8138815789473686
M177,5.5e-05,1e-05,-0.5,0.035,0.043409,0.1492,nSEG,1,GNSS,-0.024409000000000004,0.05080000000000001,1.284684210526316,0.25400000000000006,0.769342105263158
M178,5.5e-05,1e-05,-0.5,0.04,0.043231,0.1612,nSEG,1,GNSS,-0.024231,0.0388,1.2753157894736842,0.194,0.7346578947368421
M179,5.5e-05,1e-05,-0.5,0.05,0.042465,0.1824,nSEG,1,GNSS,-0.023465000000000003,0.017600000000000005,1.235,0.08800000000000002,0.6615000000000001
M180,5.5e-05,1e-05,-0.5,0.08,0.041852,0.2357,nSEG,1,GNSS,-0.022852,-0.03569999999999998,1.2027368421052633,0.1784999999999999,0.6906184210526316
M181,5.5e-05,1e-05,-0.25,0.03,0.043938,0.1205,nSEG,1,GNSS,-0.024938,0.07950000000000002,1.3125263157894735,0.3975000000000001,0.8550131578947369
M182,5.5e-05,1e-05,-0.25,0.035,0.043855,0.1322,nSEG,1,GNSS,-0.024855,0.0678,1.308157894736842,0.33899999999999997,0.823578947368421
M183,5.5e-05,1e-05,-0.25,0.04,0.043781,0.1431,nSEG,1,GNSS,-0.024781,0.056900000000000006,1.304263157894737,0.28450000000000003,0.7943815789473685
M184,5.5e-05,1e-05,-0.25,0.05,0.04316,0.1629,nSEG,1,GNSS,-0.024159999999999997,0.03710000000000002,1.271578947368421,0.1855000000000001,0.7285394736842106
M185,5.5e-05,1e-05,-0.25,0.08,0.042173,0.2096,nSEG,1,GNSS,-0.023173000000000003,-0.009599999999999997,1.2196315789473686,0.04799999999999999,0.6338157894736843
M186,5.5e-05,1e-05,0.0,0.03,0.043985,0.1106,nSEG,1,GNSS,-0.024985000000000004,0.08940000000000001,1.3150000000000002,0.447,0.8810000000000001
M187,5.5e-05,1e-05,0.0,0.035,0.043903,0.1212,nSEG,1,GNSS,-0.024902999999999998,0.07880000000000001,1.3106842105263157,0.394,0.8523421052631579
M188,5.5e-05,1e-05,0.0,0.04,0.043831,0.1313,nSEG,1,GNSS,-0.024831000000000002,0.06870000000000001,1.3068947368421053,0.3435,0.8251973684210527
M189,5.5e-05,1e-05,0.0,0.05,0.043563,0.1493,nSEG,1,GNSS,-0.024562999999999998,0.05070000000000002,1.2927894736842105,0.2535000000000001,0.7731447368421053
M190,5.5e-05,1e-05,0.0,0.08,0.042369,0.196,nSEG,1,GNSS,-0.023368999999999997,0.0040000000000000036,1.2299473684210525,0.020000000000000018,0.6249736842105262
M191,5.5e-05,1e-05,0.25,0.03,0.044014,0.1034,nSEG,1,GNSS,-0.025013999999999998,0.0966,1.3165263157894735,0.483,0.8997631578947367
M192,5.5e-05,1e-05,0.25,0.035,0.043932,0.1134,nSEG,1,GNSS,-0.024932,0.08660000000000001,1.3122105263157895,0.43300000000000005,0.8726052631578948
M193,5.5e-05,1e-05,0.25,0.04,0.043861,0.1228,nSEG,1,GNSS,-0.024860999999999998,0.0772,1.3084736842105262,0.386,0.8472368421052632
M194,5.5e-05,1e-05,0.25,0.05,0.04374,0.1403,nSEG,1,GNSS,-0.02474,0.0597,1.3021052631578949,0.2985,0.8003026315789474
M195,5.5e-05,1e-05,0.25,0.08,0.042364,0.1835,nSEG,1,GNSS,-0.023364,0.016500000000000015,1.2296842105263157,0.08250000000000007,0.6560921052631579
M196,5.5e-05,1e-05,0.5,0.03,0.044031,0.09789,nSEG,1,GNSS,-0.025031,0.10211,1.317421052631579,0.51055,0.9139855263157894
M197,5.5e-05,1e-05,0.5,0.035,0.043951,0.1073,nSEG,1,GNSS,-0.024950999999999997,0.0927,1.3132105263157894,0.4635,0.8883552631578947
M198,5.5e-05,1e-05,0.5,0.04,0.04388,0.1162,nSEG,1,GNSS,-0.024880000000000003,0.08380000000000001,1.3094736842105266,0.41900000000000004,0.8642368421052633
M199,5.5e-05,1e-05,0.5,0.05,0.043761,0.1328,nSEG,1,GNSS,-0.024761000000000002,0.06720000000000001,1.3032105263157896,0.336,0.8196052631578948
M200,5.5e-05,1e-05,0.5,0.08,0.042422,0.1738,nSEG,1,GNSS,-0.023422000000000002,0.0262,1.2327368421052634,0.131,0.6818684210526317
M201,5.5e-05,5.5e-05,-0.5,0.03,0.065525,0.1714,nSEG,1,GNSS,-0.046525,0.028600000000000014,2.4486842105263156,0.14300000000000007,1.295842105263158
M202,5.5e-05,5.5e-05,-0.5,0.035,0.065349,0.1878,nSEG,1,GNSS,-0.046349,0.012200000000000016,2.439421052631579,0.06100000000000008,1.2502105263157894
M203,5.5e-05,5.5e-05,-0.5,0.04,0.064968,0.2026,nSEG,1,GNSS,-0.045967999999999995,-0.002599999999999991,2.4193684210526314,0.012999999999999956,1.2161842105263156
M204,5.5e-05,5.5e-05,-0.5,0.05,0.064384,0.2301,nSEG,1,GNSS,-0.045383999999999994,-0.030099999999999988,2.388631578947368,0.15049999999999994,1.269565789473684
M205,5.5e-05,5.5e-05,-0.5,0.08,0.063473,0.3026,nSEG,1,GNSS,-0.044473,-0.10259999999999997,2.340684210526316,0.5129999999999998,1.426842105263158
M206,5.5e-05,5.5e-05,-0.25,0.03,0.065725,0.1519,nSEG,1,GNSS,-0.046725,0.048100000000000004,2.4592105263157897,0.24050000000000002,1.3498552631578948
M207,5.5e-05,5.5e-05,-0.25,0.035,0.065555,0.1665,nSEG,1,GNSS,-0.046555,0.0335,2.450263157894737,0.1675,1.3088815789473685
M208,5.5e-05,5.5e-05,-0.25,0.04,0.065407,0.1802,nSEG,1,GNSS,-0.046407000000000004,0.019800000000000012,2.4424736842105266,0.09900000000000006,1.2707368421052634
M209,5.5e-05,5.5e-05,-0.25,0.05,0.064911,0.205,nSEG,1,GNSS,-0.045910999999999993,-0.004999999999999977,2.4163684210526313,0.024999999999999883,1.2206842105263156
M210,5.5e-05,5.5e-05,-0.25,0.08,0.063887,0.2689,nSEG,1,GNSS,-0.044886999999999996,-0.06889999999999996,2.362473684210526,0.3444999999999998,1.353486842105263
M211,5.5e-05,5.5e-05,0.0,0.03,0.065846,0.1395,nSEG,1,GNSS,-0.046846,0.0605,2.465578947368421,0.3025,1.3840394736842105
M212,5.5e-05,5.5e-05,0.0,0.035,0.06569,0.1528,nSEG,1,GNSS,-0.046689999999999995,0.04720000000000002,2.457368421052631,0.2360000000000001,1.3466842105263157
M213,5.5e-05,5.5e-05,0.0,0.04,0.065545,0.1654,nSEG,1,GNSS,-0.046545,0.03460000000000002,2.4497368421052634,0.1730000000000001,1.3113684210526317
M214,5.5e-05,5.5e-05,0.0,0.05,0.065289,0.1889,nSEG,1,GNSS,-0.046289,0.011099999999999999,2.4362631578947367,0.055499999999999994,1.2458815789473683
M215,5.5e-05,5.5e-05,0.0,0.08,0.064131,0.2472,nSEG,1,GNSS,-0.04513099999999999,-0.04719999999999999,2.375315789473684,0.23599999999999996,1.3056578947368418
M216,5.5e-05,5.5e-05,0.25,0.03,0.065928,0.1305,nSEG,1,GNSS,-0.046928,0.0695,2.469894736842105,0.34750000000000003,1.4086973684210526
M217,5.5e-05,5.5e-05,0.25,0.035,0.065779,0.143,nSEG,1,GNSS,-0.046779,0.05700000000000002,2.4620526315789473,0.2850000000000001,1.3735263157894737
M218,5.5e-05,5.5e-05,0.25,0.04,0.065641,0.1548,nSEG,1,GNSS,-0.046641,0.04520000000000002,2.454789473684211,0.2260000000000001,1.3403947368421054
M219,5.5e-05,5.5e-05,0.25,0.05,0.065393,0.1767,nSEG,1,GNSS,-0.046393000000000004,0.023300000000000015,2.4417368421052634,0.11650000000000008,1.2791184210526318
M220,5.5e-05,5.5e-05,0.25,0.08,0.064292,0.2315,nSEG,1,GNSS,-0.045292,-0.0315,2.3837894736842107,0.1575,1.2706447368421054
M221,5.5e-05,5.5e-05,0.5,0.03,0.06599,0.1237,nSEG,1,GNSS,-0.04698999999999999,0.0763,2.4731578947368416,0.3815,1.4273289473684208
M222,5.5e-05,5.5e-05,0.5,0.035,0.065843,0.1354,nSEG,1,GNSS,-0.046842999999999996,0.06460000000000002,2.4654210526315787,0.32300000000000006,1.3942105263157893
M223,5.5e-05,5.5e-05,0.5,0.04,0.065712,0.1466,nSEG,1,GNSS,-0.046712000000000004,0.0534,2.458526315789474,0.267,1.362763157894737
M224,5.5e-05,5.5e-05,0.5,0.05,0.065469,0.1674,nSEG,1,GNSS,-0.046468999999999996,0.03260000000000002,2.445736842105263,0.1630000000000001,1.3043684210526316
M225,5.5e-05,5.5e-05,0.5,0.08,0.064579,0.22,nSEG,1,GNSS,-0.045578999999999995,-0.01999999999999999,2.398894736842105,0.09999999999999995,1.2494473684210525
M226,5.5e-05,0.0001,-0.5,0.03,0.078854,0.1913,nSEG,1,GNSS,-0.05985399999999999,0.008700000000000013,3.150210526315789,0.043500000000000066,1.5968552631578945
M227,5.5e-05,0.0001,-0.5,0.035,0.078703,0.2097,nSEG,1,GNSS,-0.05970299999999999,-0.009699999999999986,3.1422631578947366,0.04849999999999993,1.5953815789473682
M228,5.5e-05,0.0001,-0.5,0.04,0.078516,0.2269,nSEG,1,GNSS,-0.059516,-0.02689999999999998,3.132421052631579,0.1344999999999999,1.6334605263157895
M229,5.5e-05,0.0001,-0.5,0.05,0.078156,0.2587,nSEG,1,GNSS,-0.059156,-0.058699999999999974,3.1134736842105264,0.29349999999999987,1.7034868421052631
M230,5.5e-05,0.0001,-0.5,0.08,0.077096,0.3399,nSEG,1,GNSS,-0.058095999999999995,-0.13989999999999997,3.0576842105263156,0.6994999999999998,1.8785921052631576
M231,5.5e-05,0.0001,-0.25,0.03,0.079014,0.1696,nSEG,1,GNSS,-0.060014,0.03040000000000001,3.1586315789473685,0.15200000000000005,1.6553157894736843
M232,5.5e-05,0.0001,-0.25,0.035,0.078875,0.1859,nSEG,1,GNSS,-0.059875,0.014100000000000001,3.151315789473684,0.07050000000000001,1.610907894736842
M233,5.5e-05,0.0001,-0.25,0.04,0.078756,0.2013,nSEG,1,GNSS,-0.059756000000000004,-0.0012999999999999956,3.1450526315789475,0.006499999999999978,1.5757763157894737
M234,5.5e-05,0.0001,-0.25,0.05,0.07847,0.2296,nSEG,1,GNSS,-0.059469999999999995,-0.029599999999999987,3.13,0.14799999999999994,1.639
M235,5.5e-05,0.0001,-0.25,0.08,0.077584,0.3023,nSEG,1,GNSS,-0.058584,-0.1023,3.0833684210526315,0.5115,1.7974342105263157
M236,5.5e-05,0.0001,0.0,0.03,0.079104,0.1556,nSEG,1,GNSS,-0.06010399999999999,0.04440000000000002,3.163368421052631,0.22200000000000011,1.6926842105263156
M237,5.5e-05,0.0001,0.0,0.035,0.078983,0.1706,nSEG,1,GNSS,-0.059982999999999995,0.02940000000000001,3.1569999999999996,0.14700000000000005,1.652
M238,5.5e-05,0.0001,0.0,0.04,0.078862,0.1847,nSEG,1,GNSS,-0.059862,0.015300000000000008,3.1506315789473684,0.07650000000000004,1.6135657894736843
M239,5.5e-05,0.0001,0.0,0.05,0.078649,0.2109,nSEG,1,GNSS,-0.059648999999999994,-0.010899999999999993,3.1394210526315787,0.054499999999999965,1.5969605263157893
M240,5.5e-05,0.0001,0.0,0.08,0.077791,0.2776,nSEG,1,GNSS,-0.058790999999999996,-0.0776,3.0942631578947366,0.388,1.7411315789473683
M241,5.5e-05,0.0001,0.25,0.03,0.079313,0.1459,nSEG,1,GNSS,-0.06031299999999999,0.05410000000000001,3.1743684210526313,0.2705,1.7224342105263157
M242,5.5e-05,0.0001,0.25,0.035,0.079049,0.1596,nSEG,1,GNSS,-0.06004899999999999,0.04040000000000002,3.160473684210526,0.2020000000000001,1.681236842105263
M243,5.5e-05,0.0001,0.25,0.04,0.078936,0.1728,nSEG,1,GNSS,-0.059936,0.027200000000000002,3.154526315789474,0.136,1.645263157894737
M244,5.5e-05,0.0001,0.25,0.05,0.07874,0.1974,nSEG,1,GNSS,-0.05974,0.002600000000000019,3.14421052631579,0.013000000000000095,1.5786052631578948
M245,5.5e-05,0.0001,0.25,0.08,0.078058,0.2603,nSEG,1,GNSS,-0.059058,-0.060299999999999965,3.1083157894736844,0.3014999999999998,1.7049078947368421
M246,5.5e-05,0.0001,0.5,0.03,0.07934,0.1381,nSEG,1,GNSS,-0.06033999999999999,0.06190000000000001,3.17578947368421,0.30950000000000005,1.742644736842105
M247,5.5e-05,0.0001,0.5,0.035,0.07926,0.1514,nSEG,1,GNSS,-0.060259999999999994,0.048600000000000004,3.171578947368421,0.24300000000000002,1.7072894736842104
M248,5.5e-05,0.0001,0.5,0.04,0.078994,0.1636,nSEG,1,GNSS,-0.05999399999999999,0.036400000000000016,3.1575789473684206,0.18200000000000008,1.6697894736842103
M249,5.5e-05,0.0001,0.5,0.05,0.0788,0.1869,nSEG,1,GNSS,-0.05979999999999999,0.0131,3.147368421052631,0.0655,1.6064342105263156
M250,5.5e-05,0.0001,0.5,0.08,0.078231,0.2469,nSEG,1,GNSS,-0.05923099999999999,-0.0469,3.1174210526315784,0.2345,1.6759605263157893
M251,0.0001,1e-06,-0.5,0.03,0.047939,0.143,nSEG,1,GNSS,-0.028939000000000003,0.05700000000000002,1.523105263157895,0.2850000000000001,0.9040526315789476
M252,0.0001,1e-06,-0.5,0.035,0.047038,0.1557,nSEG,1,GNSS,-0.028038000000000004,0.044300000000000006,1.475684210526316,0.22150000000000003,0.848592105263158
M253,0.0001,1e-06,-0.5,0.04,0.046888,0.1683,nSEG,1,GNSS,-0.027888,0.031700000000000006,1.4677894736842105,0.15850000000000003,0.8131447368421053
M254,0.0001,1e-06,-0.5,0.05,0.046591,0.1919,nSEG,1,GNSS,-0.027591,0.008100000000000024,1.452157894736842,0.04050000000000012,0.7463289473684211
M255,0.0001,1e-06,-0.5,0.08,0.045641,0.2528,nSEG,1,GNSS,-0.026641,-0.052800000000000014,1.4021578947368423,0.26400000000000007,0.8330789473684211
M256,0.0001,1e-06,-0.25,0.03,0.048342,0.1277,nSEG,1,GNSS,-0.029342000000000003,0.0723,1.5443157894736845,0.3615,0.9529078947368422
M257,0.0001,1e-06,-0.25,0.035,0.047965,0.139,nSEG,1,GNSS,-0.028965,0.061,1.5244736842105264,0.305,0.9147368421052632
M258,0.0001,1e-06,-0.25,0.04,0.047068,0.1494,nSEG,1,GNSS,-0.028068,0.050600000000000006,1.4772631578947368,0.253,0.8651315789473684
M259,0.0001,1e-06,-0.25,0.05,0.046823,0.1703,nSEG,1,GNSS,-0.027822999999999997,0.029700000000000004,1.4643684210526315,0.14850000000000002,0.8064342105263158
M260,0.0001,1e-06,-0.25,0.08,0.046061,0.2243,nSEG,1,GNSS,-0.027060999999999998,-0.02429999999999999,1.4242631578947367,0.12149999999999994,0.7728815789473683
M261,0.0001,1e-06,0.0,0.03,0.048382,0.117,nSEG,1,GNSS,-0.029382000000000002,0.083,1.5464210526315791,0.415,0.9807105263157896
M262,0.0001,1e-06,0.0,0.035,0.048297,0.1284,nSEG,1,GNSS,-0.029297,0.07160000000000002,1.5419473684210527,0.3580000000000001,0.9499736842105264
M263,0.0001,1e-06,0.0,0.04,0.047945,0.1381,nSEG,1,GNSS,-0.028945000000000002,0.06190000000000001,1.523421052631579,0.30950000000000005,0.9164605263157896
M264,0.0001,1e-06,0.0,0.05,0.046947,0.1564,nSEG,1,GNSS,-0.027947000000000003,0.0436,1.4708947368421055,0.218,0.8444473684210527
M265,0.0001,1e-06,0.0,0.08,0.046325,0.2061,nSEG,1,GNSS,-0.027325,-0.006099999999999994,1.438157894736842,0.03049999999999997,0.734328947368421
M266,0.0001,1e-06,0.25,0.03,0.048412,0.1094,nSEG,1,GNSS,-0.029411999999999997,0.09060000000000001,1.5479999999999998,0.45300000000000007,1.0005
M267,0.0001,1e-06,0.25,0.035,0.048316,0.12,nSEG,1,GNSS,-0.029316,0.08000000000000002,1.5429473684210526,0.4000000000000001,0.9714736842105264
M268,0.0001,1e-06,0.25,0.04,0.048051,0.1293,nSEG,1,GNSS,-0.029051000000000004,0.07070000000000001,1.5290000000000001,0.35350000000000004,0.9412500000000001
M269,0.0001,1e-06,0.25,0.05,0.047456,0.1462,nSEG,1,GNSS,-0.028456,0.053800000000000014,1.4976842105263157,0.2690000000000001,0.8833421052631579
M270,0.0001,1e-06,0.25,0.08,0.046454,0.1929,nSEG,1,GNSS,-0.027454000000000003,0.007100000000000023,1.4449473684210528,0.035500000000000115,0.7402236842105264
M271,0.0001,1e-06,0.5,0.03,0.048434,0.1035,nSEG,1,GNSS,-0.029434,0.09650000000000002,1.549157894736842,0.48250000000000004,1.015828947368421
M272,0.0001,1e-06,0.5,0.035,0.048333,0.1135,nSEG,1,GNSS,-0.029333,0.08650000000000001,1.543842105263158,0.4325,0.988171052631579
M273,0.0001,1e-06,0.5,0.04,0.048253,0.123,nSEG,1,GNSS,-0.029252999999999998,0.07700000000000001,1.5396315789473682,0.38500000000000006,0.9623157894736841
M274,0.0001,1e-06,0.5,0.05,0.04783,0.1396,nSEG,1,GNSS,-0.028829999999999998,0.06040000000000001,1.5173684210526315,0.30200000000000005,0.9096842105263158
M275,0.0001,1e-06,0.5,0.08,0.046543,0.1828,nSEG,1,GNSS,-0.027543,0.01720000000000002,1.4496315789473686,0.0860000000000001,0.7678157894736843
M276,0.0001,5.5e-06,-0.5,0.03,0.051079,0.1491,nSEG,1,GNSS,-0.032078999999999996,0.0509,1.6883684210526315,0.2545,0.9714342105263157
M277,0.0001,5.5e-06,-0.5,0.035,0.049824,0.1623,nSEG,1,GNSS,-0.030824,0.03770000000000001,1.6223157894736844,0.18850000000000006,0.9054078947368422
M278,0.0001,5.5e-06,-0.5,0.04,0.049803,0.1723,nSEG,1,GNSS,-0.030803,0.027700000000000002,1.6212105263157894,0.1385,0.8798552631578948
M279,0.0001,5.5e-06,-0.5,0.05,0.049429,0.1965,nSEG,1,GNSS,-0.030429,0.003500000000000003,1.6015263157894737,0.017500000000000016,0.8095131578947369
M280,0.0001,5.5e-06,-0.5,0.08,0.048375,0.2575,nSEG,1,GNSS,-0.029375000000000002,-0.057499999999999996,1.5460526315789476,0.2875,0.9167763157894737
M281,0.0001,5.5e-06,-0.25,0.03,0.051354,0.1327,nSEG,1,GNSS,-0.032353999999999994,0.0673,1.7028421052631577,0.33649999999999997,1.0196710526315789
M282,0.0001,5.5e-06,-0.25,0.035,0.051043,0.1446,nSEG,1,GNSS,-0.032043,0.055400000000000005,1.6864736842105266,0.277,0.9817368421052632
M283,0.0001,5.5e-06,-0.25,0.04,0.050098,0.1557,nSEG,1,GNSS,-0.031097999999999997,0.044300000000000006,1.636736842105263,0.22150000000000003,0.9291184210526315
M284,0.0001,5.5e-06,-0.25,0.05,0.049733,0.1743,nSEG,1,GNSS,-0.030733,0.0257,1.6175263157894737,0.1285,0.8730131578947369
M285,0.0001,5.5e-06,-0.25,0.08,0.048842,0.2291,nSEG,1,GNSS,-0.029842000000000004,-0.029099999999999987,1.5706315789473686,0.14549999999999993,0.8580657894736843
M286,0.0001,5.5e-06,0.0,0.03,0.051374,0.1216,nSEG,1,GNSS,-0.032374,0.07840000000000001,1.7038947368421054,0.392,1.0479473684210527
M287,0.0001,5.5e-06,0.0,0.035,0.051312,0.1334,nSEG,1,GNSS,-0.03231200000000001,0.06660000000000002,1.700631578947369,0.3330000000000001,1.0168157894736845
M288,0.0001,5.5e-06,0.0,0.04,0.05102,0.1437,nSEG,1,GNSS,-0.03202000000000001,0.05630000000000002,1.6852631578947372,0.2815000000000001,0.9833815789473687
M289,0.0001,5.5e-06,0.0,0.05,0.049736,0.1631,nSEG,1,GNSS,-0.030736000000000003,0.036900000000000016,1.617684210526316,0.18450000000000008,0.9010921052631581
M290,0.0001,5.5e-06,0.0,0.08,0.049124,0.2108,nSEG,1,GNSS,-0.030124,-0.010799999999999976,1.5854736842105264,0.05399999999999988,0.8197368421052631
M291,0.0001,5.5e-06,0.25,0.03,0.051387,0.1136,nSEG,1,GNSS,-0.032387,0.0864,1.704578947368421,0.432,1.0682894736842106
M292,0.0001,5.5e-06,0.25,0.035,0.051315,0.1247,nSEG,1,GNSS,-0.032314999999999997,0.0753,1.7007894736842104,0.3765,1.0386447368421052
M293,0.0001,5.5e-06,0.25,0.04,0.051261,0.1351,nSEG,1,GNSS,-0.032261,0.06490000000000001,1.6979473684210526,0.32450000000000007,1.0112236842105264
M294,0.0001,5.5e-06,0.25,0.05,0.050614,0.1525,nSEG,1,GNSS,-0.031614,0.047500000000000014,1.6638947368421055,0.23750000000000007,0.9506973684210528
M295,0.0001,5.5e-06,0.25,0.08,0.049292,0.1975,nSEG,1,GNSS,-0.030292000000000003,0.0025000000000000022,1.5943157894736844,0.012500000000000011,0.8034078947368422
M296,0.0001,5.5e-06,0.5,0.03,0.051396,0.1075,nSEG,1,GNSS,-0.032395999999999994,0.09250000000000001,1.7050526315789472,0.4625,1.0837763157894735
M297,0.0001,5.5e-06,0.5,0.035,0.051319,0.118,nSEG,1,GNSS,-0.032319,0.08200000000000002,1.701,0.4100000000000001,1.0555
M298,0.0001,5.5e-06,0.5,0.04,0.051259,0.1279,nSEG,1,GNSS,-0.032258999999999996,0.0721,1.6978421052631578,0.3605,1.029171052631579
M299,0.0001,5.5e-06,0.5,0.05,0.050912,0.1453,nSEG,1,GNSS,-0.031911999999999996,0.0547,1.6795789473684208,0.27349999999999997,0.9765394736842103
M300,0.0001,5.5e-06,0.5,0.08,0.049416,0.1873,nSEG,1,GNSS,-0.030416000000000002,0.012700000000000017,1.600842105263158,0.06350000000000008,0.8321710526315791
M301,0.0001,1e-05,-0.5,0.03,0.05345,0.1546,nSEG,1,GNSS,-0.034449999999999995,0.045400000000000024,1.8131578947368419,0.22700000000000012,1.020078947368421
M302,0.0001,1e-05,-0.5,0.035,0.052635,0.1648,nSEG,1,GNSS,-0.033635,0.03520000000000001,1.7702631578947368,0.17600000000000005,0.9731315789473685
M303,0.0001,1e-05,-0.5,0.04,0.052448,0.1781,nSEG,1,GNSS,-0.033448000000000006,0.021900000000000003,1.7604210526315793,0.10950000000000001,0.9349605263157896
M304,0.0001,1e-05,-0.5,0.05,0.052068,0.2028,nSEG,1,GNSS,-0.033068,-0.002799999999999997,1.740421052631579,0.013999999999999985,0.8772105263157896
M305,0.0001,1e-05,-0.5,0.08,0.050959,0.2652,nSEG,1,GNSS,-0.031959,-0.06519999999999998,1.6820526315789475,0.3259999999999999,1.0040263157894738
M306,0.0001,1e-05,-0.25,0.03,0.053679,0.1372,nSEG,1,GNSS,-0.034679,0.06280000000000002,1.8252105263157896,0.3140000000000001,1.069605263157895
M307,0.0001,1e-05,-0.25,0.035,0.053516,0.1504,nSEG,1,GNSS,-0.034516000000000005,0.049600000000000005,1.8166315789473688,0.24800000000000003,1.0323157894736845
M308,0.0001,1e-05,-0.25,0.04,0.052826,0.1584,nSEG,1,GNSS,-0.033825999999999995,0.0416,1.780315789473684,0.208,0.994157894736842
M309,0.0001,1e-05,-0.25,0.05,0.05238,0.1802,nSEG,1,GNSS,-0.03338000000000001,0.019800000000000012,1.7568421052631582,0.09900000000000006,0.9279210526315791
M310,0.0001,1e-05,-0.25,0.08,0.051474,0.2366,nSEG,1,GNSS,-0.032474,-0.036599999999999994,1.7091578947368422,0.18299999999999997,0.9460789473684211
M311,0.0001,1e-05,0.0,0.03,0.054166,0.1258,nSEG,1,GNSS,-0.035166,0.07420000000000002,1.850842105263158,0.37100000000000005,1.1109210526315791
M312,0.0001,1e-05,0.0,0.035,0.053632,0.138,nSEG,1,GNSS,-0.034631999999999996,0.062,1.822736842105263,0.31,1.0663684210526314
M313,0.0001,1e-05,0.0,0.04,0.053494,0.1495,nSEG,1,GNSS,-0.034494,0.05050000000000002,1.8154736842105261,0.25250000000000006,1.0339868421052631
M314,0.0001,1e-05,0.0,0.05,0.052545,0.1656,nSEG,1,GNSS,-0.033545000000000005,0.034400000000000014,1.765526315789474,0.17200000000000007,0.9687631578947371
M315,0.0001,1e-05,0.0,0.08,0.05175,0.2176,nSEG,1,GNSS,-0.03275,-0.017599999999999977,1.723684210526316,0.08799999999999988,0.9058421052631579
M316,0.0001,1e-05,0.25,0.03,0.054163,0.1175,nSEG,1,GNSS,-0.035163,0.08250000000000002,1.850684210526316,0.4125000000000001,1.1315921052631581
M317,0.0001,1e-05,0.25,0.035,0.054115,0.129,nSEG,1,GNSS,-0.03511500000000001,0.07100000000000001,1.8481578947368424,0.35500000000000004,1.1015789473684212
M318,0.0001,1e-05,0.25,0.04,0.053573,0.1398,nSEG,1,GNSS,-0.034573000000000007,0.060200000000000004,1.8196315789473687,0.301,1.0603157894736843
M319,0.0001,1e-05,0.25,0.05,0.05292,0.1558,nSEG,1,GNSS,-0.033920000000000006,0.04420000000000002,1.785263157894737,0.22100000000000009,1.0031315789473685
M320,0.0001,1e-05,0.25,0.08,0.051933,0.2039,nSEG,1,GNSS,-0.032933000000000004,-0.003899999999999987,1.7333157894736844,0.019499999999999934,0.8764078947368421
M321,0.0001,1e-05,0.5,0.03,0.054159,0.1112,nSEG,1,GNSS,-0.035158999999999996,0.08880000000000002,1.850473684210526,0.44400000000000006,1.147236842105263
M322,0.0001,1e-05,0.5,0.035,0.054105,0.122,nSEG,1,GNSS,-0.035105,0.07800000000000001,1.8476315789473683,0.39000000000000007,1.118815789473684
M323,0.0001,1e-05,0.5,0.04,0.053621,0.1323,nSEG,1,GNSS,-0.034621,0.06770000000000001,1.8221578947368422,0.3385,1.0803289473684212
M324,0.0001,1e-05,0.5,0.05,0.053388,0.1511,nSEG,1,GNSS,-0.034388,0.0489,1.8098947368421054,0.2445,1.0271973684210527
M325,0.0001,1e-05,0.5,0.08,0.052072,0.1933,nSEG,1,GNSS,-0.033072000000000004,0.0067000000000000115,1.7406315789473688,0.03350000000000006,0.8870657894736844
M326,0.0001,5.5e-05,-0.5,0.03,0.072771,0.1825,nSEG,1,GNSS,-0.053771,0.017500000000000016,2.8300526315789476,0.08750000000000008,1.4587763157894738
M327,0.0001,5.5e-05,-0.5,0.035,0.07246,0.1997,nSEG,1,GNSS,-0.053459999999999994,0.00030000000000002247,2.8136842105263153,0.0015000000000001124,1.4075921052631577
M328,0.0001,5.5e-05,-0.5,0.04,0.07202,0.2153,nSEG,1,GNSS,-0.05302,-0.01529999999999998,2.7905263157894735,0.0764999999999999,1.4335131578947367
M329,0.0001,5.5e-05,-0.5,0.05,0.071614,0.2454,nSEG,1,GNSS,-0.052613999999999994,-0.045399999999999996,2.769157894736842,0.22699999999999998,1.4980789473684208
M330,0.0001,5.5e-05,-0.5,0.08,0.070522,0.3229,nSEG,1,GNSS,-0.051522,-0.12290000000000001,2.711684210526316,0.6145,1.663092105263158
M331,0.0001,5.5e-05,-0.25,0.03,0.073118,0.162,nSEG,1,GNSS,-0.054118,0.038000000000000006,2.848315789473684,0.19000000000000003,1.519157894736842
M332,0.0001,5.5e-05,-0.25,0.035,0.072816,0.1773,nSEG,1,GNSS,-0.053816,0.022699999999999998,2.832421052631579,0.11349999999999999,1.4729605263157897
M333,0.0001,5.5e-05,-0.25,0.04,0.072585,0.1918,nSEG,1,GNSS,-0.053584999999999994,0.008200000000000013,2.8202631578947366,0.041000000000000064,1.4306315789473683
M334,0.0001,5.5e-05,-0.25,0.05,0.071954,0.2178,nSEG,1,GNSS,-0.052954,-0.017799999999999983,2.7870526315789474,0.08899999999999991,1.4380263157894737
M335,0.0001,5.5e-05,-0.25,0.08,0.071017,0.2869,nSEG,1,GNSS,-0.052016999999999994,-0.08689999999999998,2.737736842105263,0.4344999999999999,1.5861184210526313
M336,0.0001,5.5e-05,0.0,0.03,0.073465,0.1493,nSEG,1,GNSS,-0.054465,0.05070000000000002,2.866578947368421,0.2535000000000001,1.5600394736842107
M337,0.0001,5.5e-05,0.0,0.035,0.073049,0.163,nSEG,1,GNSS,-0.054049,0.037000000000000005,2.844684210526316,0.18500000000000003,1.514842105263158
M338,0.0001,5.5e-05,0.0,0.04,0.0728,0.1762,nSEG,1,GNSS,-0.0538,0.023800000000000016,2.831578947368421,0.11900000000000008,1.4752894736842106
M339,0.0001,5.5e-05,0.0,0.05,0.072358,0.2007,nSEG,1,GNSS,-0.053358,-0.0006999999999999784,2.8083157894736845,0.003499999999999892,1.4059078947368422
M340,0.0001,5.5e-05,0.0,0.08,0.071303,0.2637,nSEG,1,GNSS,-0.052303,-0.06369999999999998,2.752789473684211,0.3184999999999999,1.5356447368421053
M341,0.0001,5.5e-05,0.25,0.03,0.073531,0.1396,nSEG,1,GNSS,-0.054530999999999996,0.06040000000000001,2.870052631578947,0.30200000000000005,1.5860263157894736
M342,0.0001,5.5e-05,0.25,0.035,0.073169,0.1525,nSEG,1,GNSS,-0.054168999999999995,0.047500000000000014,2.851,0.23750000000000007,1.5442500000000001
M343,0.0001,5.5e-05,0.25,0.04,0.072987,0.1651,nSEG,1,GNSS,-0.05398699999999999,0.034900000000000014,2.8414210526315786,0.17450000000000007,1.5079605263157894
M344,0.0001,5.5e-05,0.25,0.05,0.072585,0.1881,nSEG,1,GNSS,-0.053584999999999994,0.011900000000000022,2.8202631578947366,0.05950000000000011,1.4398815789473685
M345,0.0001,5.5e-05,0.25,0.08,0.071495,0.247,nSEG,1,GNSS,-0.052495,-0.046999999999999986,2.7628947368421053,0.23499999999999993,1.4989473684210526
M346,0.0001,5.5e-05,0.5,0.03,0.073574,0.1321,nSEG,1,GNSS,-0.054574,0.06790000000000002,2.872315789473684,0.3395000000000001,1.6059078947368421
M347,0.0001,5.5e-05,0.5,0.035,0.073448,0.1449,nSEG,1,GNSS,-0.054447999999999996,0.05510000000000001,2.865684210526316,0.2755,1.570592105263158
M348,0.0001,5.5e-05,0.5,0.04,0.073084,0.1564,nSEG,1,GNSS,-0.05408399999999999,0.0436,2.8465263157894736,0.218,1.5322631578947368
M349,0.0001,5.5e-05,0.5,0.05,0.072702,0.1782,nSEG,1,GNSS,-0.053702,0.021800000000000014,2.826421052631579,0.10900000000000007,1.4677105263157895
M350,0.0001,5.5e-05,0.5,0.08,0.071639,0.234,nSEG,1,GNSS,-0.05263899999999999,-0.034,2.770473684210526,0.17,1.470236842105263
M351,0.0001,0.0001,-0.5,0.03,0.085233,0.2007,nSEG,1,GNSS,-0.066233,-0.0006999999999999784,3.4859473684210527,0.003499999999999892,1.7447236842105263
M352,0.0001,0.0001,-0.5,0.035,0.085022,0.2199,nSEG,1,GNSS,-0.066022,-0.0199,3.474842105263158,0.0995,1.787171052631579
M353,0.0001,0.0001,-0.5,0.04,0.084535,0.2371,nSEG,1,GNSS,-0.065535,-0.037099999999999994,3.4492105263157895,0.18549999999999997,1.8173552631578946
M354,0.0001,0.0001,-0.5,0.05,0.084083,0.2701,nSEG,1,GNSS,-0.065083,-0.0701,3.425421052631579,0.3505,1.8879605263157895
M355,0.0001,0.0001,-0.5,0.08,0.083134,0.3559,nSEG,1,GNSS,-0.064134,-0.15589999999999998,3.3754736842105264,0.7794999999999999,2.0774868421052632
M356,0.0001,0.0001,-0.25,0.03,0.085437,0.178,nSEG,1,GNSS,-0.066437,0.02200000000000002,3.4966842105263156,0.1100000000000001,1.803342105263158
M357,0.0001,0.0001,-0.25,0.035,0.085244,0.195,nSEG,1,GNSS,-0.066244,0.0050000000000000044,3.4865263157894737,0.025000000000000022,1.7557631578947368
M358,0.0001,0.0001,-0.25,0.04,0.085114,0.2111,nSEG,1,GNSS,-0.06611399999999999,-0.011099999999999999,3.4796842105263153,0.055499999999999994,1.7675921052631576
M359,0.0001,0.0001,-0.25,0.05,0.084483,0.2399,nSEG,1,GNSS,-0.065483,-0.03989999999999999,3.4464736842105266,0.19949999999999996,1.8229868421052633
M360,0.0001,0.0001,-0.25,0.08,0.083582,0.316,nSEG,1,GNSS,-0.064582,-0.11599999999999999,3.3990526315789475,0.58,1.9895263157894738
M361,0.0001,0.0001,0.0,0.03,0.085506,0.1632,nSEG,1,GNSS,-0.066506,0.0368,3.5003157894736843,0.184,1.8421578947368422
M362,0.0001,0.0001,0.0,0.035,0.0854,0.179,nSEG,1,GNSS,-0.0664,0.02100000000000002,3.4947368421052634,0.1050000000000001,1.7998684210526317
M363,0.0001,0.0001,0.0,0.04,0.085224,0.1937,nSEG,1,GNSS,-0.06622399999999999,0.0063,3.485473684210526,0.0315,1.7584868421052628
M364,0.0001,0.0001,0.0,0.05,0.084943,0.2211,nSEG,1,GNSS,-0.065943,-0.02109999999999998,3.470684210526316,0.1054999999999999,1.7880921052631578
M365,0.0001,0.0001,0.0,0.08,0.083829,0.2903,nSEG,1,GNSS,-0.064829,-0.09029999999999999,3.4120526315789474,0.45149999999999996,1.9317763157894736
M366,0.0001,0.0001,0.25,0.03,0.08556,0.1527,nSEG,1,GNSS,-0.06656,0.04730000000000001,3.503157894736842,0.23650000000000004,1.8698289473684209
M367,0.0001,0.0001,0.25,0.035,0.085444,0.1674,nSEG,1,GNSS,-0.066444,0.03260000000000002,3.4970526315789474,0.1630000000000001,1.8300263157894738
M368,0.0001,0.0001,0.25,0.04,0.085303,0.1812,nSEG,1,GNSS,-0.066303,0.01880000000000001,3.4896315789473684,0.09400000000000006,1.7918157894736841
M369,0.0001,0.0001,0.25,0.05,0.085094,0.207,nSEG,1,GNSS,-0.066094,-0.0069999999999999785,3.4786315789473683,0.03499999999999989,1.756815789473684
M370,0.0001,0.0001,0.25,0.08,0.083977,0.2718,nSEG,1,GNSS,-0.064977,-0.07179999999999997,3.419842105263158,0.3589999999999999,1.889421052631579
M371,0.0001,0.0001,0.5,0.03,0.0856,0.1445,nSEG,1,GNSS,-0.06659999999999999,0.05550000000000002,3.5052631578947366,0.2775000000000001,1.8913815789473682
M372,0.0001,0.0001,0.5,0.035,0.085482,0.1585,nSEG,1,GNSS,-0.066482,0.04150000000000001,3.4990526315789476,0.20750000000000005,1.8532763157894738
M373,0.0001,0.0001,0.5,0.04,0.085384,0.1717,nSEG,1,GNSS,-0.066384,0.02830000000000002,3.493894736842105,0.1415000000000001,1.8176973684210527
M374,0.0001,0.0001,0.5,0.05,0.085146,0.196,nSEG,1,GNSS,-0.066146,0.0040000000000000036,3.4813684210526317,0.020000000000000018,1.7506842105263158
M375,0.0001,0.0001,0.5,0.08,0.084246,0.258,nSEG,1,GNSS,-0.065246,-0.057999999999999996,3.434,0.29,1.862
M376,0.00055,1e-06,-0.5,0.03,0.068913,0.1803,nSEG,1,GNSS,-0.049913,0.019700000000000023,2.6270000000000002,0.09850000000000012,1.3627500000000001
M377,0.00055,1e-06,-0.5,0.035,0.068739,0.1986,nSEG,1,GNSS,-0.04973899999999999,0.0014000000000000123,2.6178421052631573,0.007000000000000062,1.3124210526315787
M378,0.00055,1e-06,-0.5,0.04,0.067893,0.2091,nSEG,1,GNSS,-0.04889299999999999,-0.009099999999999997,2.573315789473684,0.045499999999999985,1.309407894736842
M379,0.00055,1e-06,-0.5,0.05,0.067391,0.2388,nSEG,1,GNSS,-0.048391,-0.0388,2.5468947368421055,0.194,1.3704473684210527
M380,0.00055,1e-06,-0.5,0.08,0.065087,0.3085,nSEG,1,GNSS,-0.046087,-0.10849999999999999,2.425631578947369,0.5424999999999999,1.4840657894736844
M381,0.00055,1e-06,-0.25,0.03,0.068911,0.1591,nSEG,1,GNSS,-0.049911,0.04090000000000002,2.626894736842105,0.2045000000000001,1.4156973684210525
M382,0.00055,1e-06,-0.25,0.035,0.068918,0.1749,nSEG,1,GNSS,-0.04991799999999999,0.02510000000000001,2.6272631578947365,0.12550000000000006,1.3763815789473683
M383,0.00055,1e-06,-0.25,0.04,0.068754,0.1901,nSEG,1,GNSS,-0.04975399999999999,0.00990000000000002,2.618631578947368,0.0495000000000001,1.334065789473684
M384,0.00055,1e-06,-0.25,0.05,0.067789,0.2116,nSEG,1,GNSS,-0.048789,-0.0116,2.567842105263158,0.057999999999999996,1.3129210526315789
M385,0.00055,1e-06,-0.25,0.08,0.06643,0.2792,nSEG,1,GNSS,-0.04743,-0.07919999999999999,2.4963157894736843,0.39599999999999996,1.446157894736842
M386,0.00055,1e-06,0.0,0.03,0.069897,0.1454,nSEG,1,GNSS,-0.050897,0.05460000000000001,2.6787894736842106,0.273,1.4758947368421054
M387,0.00055,1e-06,0.0,0.035,0.068841,0.1601,nSEG,1,GNSS,-0.049840999999999996,0.03990000000000002,2.6232105263157894,0.1995000000000001,1.4113552631578947
M388,0.00055,1e-06,0.0,0.04,0.068874,0.1737,nSEG,1,GNSS,-0.049874,0.026300000000000018,2.624947368421053,0.1315000000000001,1.3782236842105264
M389,0.00055,1e-06,0.0,0.05,0.068615,0.1997,nSEG,1,GNSS,-0.04961499999999999,0.00030000000000002247,2.611315789473684,0.0015000000000001124,1.306407894736842
M390,0.00055,1e-06,0.0,0.08,0.066829,0.2565,nSEG,1,GNSS,-0.047828999999999997,-0.056499999999999995,2.517315789473684,0.2825,1.3999078947368422
M391,0.00055,1e-06,0.25,0.03,0.070694,0.1376,nSEG,1,GNSS,-0.051694000000000004,0.06240000000000001,2.7207368421052633,0.31200000000000006,1.5163684210526318
M392,0.00055,1e-06,0.25,0.035,0.068932,0.1494,nSEG,1,GNSS,-0.04993199999999999,0.050600000000000006,2.6279999999999997,0.253,1.4405
M393,0.00055,1e-06,0.25,0.04,0.068762,0.1622,nSEG,1,GNSS,-0.049762,0.0378,2.6190526315789473,0.189,1.4040263157894737
M394,0.00055,1e-06,0.25,0.05,0.068675,0.1861,nSEG,1,GNSS,-0.049675,0.013900000000000023,2.6144736842105263,0.06950000000000012,1.3419868421052632
M395,0.00055,1e-06,0.25,0.08,0.067191,0.2401,nSEG,1,GNSS,-0.048191,-0.0401,2.5363684210526314,0.20049999999999998,1.3684342105263156
M396,0.00055,1e-06,0.5,0.03,0.0709,0.1307,nSEG,1,GNSS,-0.0519,0.0693,2.7315789473684213,0.3465,1.5390394736842106
M397,0.00055,1e-06,0.5,0.035,0.070342,0.1423,nSEG,1,GNSS,-0.051342,0.0577,2.7022105263157896,0.2885,1.4953552631578948
M398,0.00055,1e-06,0.5,0.04,0.06883,0.1533,nSEG,1,GNSS,-0.04983,0.04670000000000002,2.6226315789473684,0.2335000000000001,1.4280657894736843
M399,0.00055,1e-06,0.5,0.05,0.06873,0.1758,nSEG,1,GNSS,-0.049729999999999996,0.0242,2.6173684210526313,0.121,1.3691842105263157
M400,0.00055,1e-06,0.5,0.08,0.067337,0.2273,nSEG,1,GNSS,-0.04833699999999999,-0.02729999999999999,2.544052631578947,0.13649999999999995,1.3402763157894735
M401,0.00055,5.5e-06,-0.5,0.03,0.070719,0.1799,nSEG,1,GNSS,-0.051719,0.020100000000000007,2.7220526315789475,0.10050000000000003,1.4112763157894737
M402,0.00055,5.5e-06,-0.5,0.035,0.070411,0.1971,nSEG,1,GNSS,-0.051411,0.0029000000000000137,2.705842105263158,0.014500000000000068,1.360171052631579
M403,0.00055,5.5e-06,-0.5,0.04,0.070123,0.2134,nSEG,1,GNSS,-0.051123,-0.013399999999999995,2.690684210526316,0.06699999999999998,1.378842105263158
M404,0.00055,5.5e-06,-0.5,0.05,0.069488,0.2412,nSEG,1,GNSS,-0.05048799999999999,-0.04119999999999999,2.6572631578947363,0.20599999999999993,1.4316315789473681
M405,0.00055,5.5e-06,-0.5,0.08,0.067276,0.315,nSEG,1,GNSS,-0.048276,-0.11499999999999999,2.540842105263158,0.575,1.557921052631579
M406,0.00055,5.5e-06,-0.25,0.03,0.071236,0.1592,nSEG,1,GNSS,-0.05223599999999999,0.0408,2.7492631578947364,0.20400000000000001,1.4766315789473683
M407,0.00055,5.5e-06,-0.25,0.035,0.070754,0.1748,nSEG,1,GNSS,-0.051753999999999994,0.0252,2.723894736842105,0.126,1.4249473684210525
M408,0.00055,5.5e-06,-0.25,0.04,0.070493,0.1891,nSEG,1,GNSS,-0.051493,0.01090000000000002,2.710157894736842,0.054500000000000104,1.382328947368421
M409,0.00055,5.5e-06,-0.25,0.05,0.070025,0.2159,nSEG,1,GNSS,-0.051025,-0.015899999999999997,2.685526315789474,0.07949999999999999,1.382513157894737
M410,0.00055,5.5e-06,-0.25,0.08,0.068245,0.2809,nSEG,1,GNSS,-0.049245,-0.08089999999999997,2.591842105263158,0.40449999999999986,1.4981710526315788
M411,0.00055,5.5e-06,0.0,0.03,0.071925,0.1475,nSEG,1,GNSS,-0.052925,0.05250000000000002,2.7855263157894736,0.26250000000000007,1.524013157894737
M412,0.00055,5.5e-06,0.0,0.035,0.071163,0.1601,nSEG,1,GNSS,-0.052163,0.03990000000000002,2.745421052631579,0.1995000000000001,1.4724605263157895
M413,0.00055,5.5e-06,0.0,0.04,0.070951,0.1736,nSEG,1,GNSS,-0.051951,0.026400000000000007,2.7342631578947367,0.13200000000000003,1.4331315789473684
M414,0.00055,5.5e-06,0.0,0.05,0.070276,0.1981,nSEG,1,GNSS,-0.051276,0.0019000000000000128,2.6987368421052635,0.009500000000000064,1.3541184210526318
M415,0.00055,5.5e-06,0.0,0.08,0.068712,0.2585,nSEG,1,GNSS,-0.04971199999999999,-0.058499999999999996,2.6164210526315785,0.2925,1.4544605263157893
M416,0.00055,5.5e-06,0.25,0.03,0.072429,0.1388,nSEG,1,GNSS,-0.05342899999999999,0.061200000000000004,2.812052631578947,0.306,1.5590263157894735
M417,0.00055,5.5e-06,0.25,0.035,0.071249,0.1499,nSEG,1,GNSS,-0.052249000000000004,0.050100000000000006,2.749947368421053,0.2505,1.5002236842105265
M418,0.00055,5.5e-06,0.25,0.04,0.07107,0.1625,nSEG,1,GNSS,-0.05206999999999999,0.037500000000000006,2.7405263157894733,0.18750000000000003,1.4640131578947366
M419,0.00055,5.5e-06,0.25,0.05,0.070443,0.1854,nSEG,1,GNSS,-0.051443,0.014600000000000002,2.707526315789474,0.07300000000000001,1.3902631578947369
M420,0.00055,5.5e-06,0.25,0.08,0.069287,0.2426,nSEG,1,GNSS,-0.050287,-0.0426,2.646684210526316,0.213,1.429842105263158
M421,0.00055,5.5e-06,0.5,0.03,0.072201,0.131,nSEG,1,GNSS,-0.053201,0.069,2.8000526315789473,0.34500000000000003,1.5725263157894738
M422,0.00055,5.5e-06,0.5,0.035,0.072153,0.1438,nSEG,1,GNSS,-0.05315299999999999,0.0562,2.797526315789473,0.28099999999999997,1.5392631578947367
M423,0.00055,5.5e-06,0.5,0.04,0.071147,0.1535,nSEG,1,GNSS,-0.052147,0.046500000000000014,2.7445789473684212,0.23250000000000007,1.4885394736842106
M424,0.00055,5.5e-06,0.5,0.05,0.070563,0.1756,nSEG,1,GNSS,-0.051563,0.024400000000000005,2.713842105263158,0.12200000000000003,1.4179210526315789
M425,0.00055,5.5e-06,0.5,0.08,0.069593,0.2321,nSEG,1,GNSS,-0.050593,-0.03209999999999999,2.6627894736842106,0.16049999999999995,1.4116447368421052
M426,0.00055,1e-05,-0.5,0.03,0.07281,0.1832,nSEG,1,GNSS,-0.05381,0.01680000000000001,2.8321052631578945,0.08400000000000005,1.4580526315789473
M427,0.00055,1e-05,-0.5,0.035,0.072525,0.2008,nSEG,1,GNSS,-0.053525,-0.0007999999999999952,2.817105263157895,0.003999999999999976,1.4105526315789474
M428,0.00055,1e-05,-0.5,0.04,0.072174,0.2157,nSEG,1,GNSS,-0.053174,-0.015699999999999992,2.7986315789473686,0.07849999999999996,1.4385657894736843
M429,0.00055,1e-05,-0.5,0.05,0.071417,0.2454,nSEG,1,GNSS,-0.05241699999999999,-0.045399999999999996,2.7587894736842102,0.22699999999999998,1.492894736842105
M430,0.00055,1e-05,-0.5,0.08,0.069399,0.3211,nSEG,1,GNSS,-0.050399,-0.12109999999999999,2.652578947368421,0.6054999999999999,1.6290394736842106
M431,0.00055,1e-05,-0.25,0.03,0.073318,0.1625,nSEG,1,GNSS,-0.05431799999999999,0.037500000000000006,2.8588421052631574,0.18750000000000003,1.5231710526315787
M432,0.00055,1e-05,-0.25,0.035,0.072839,0.1779,nSEG,1,GNSS,-0.053839,0.02210000000000001,2.8336315789473683,0.11050000000000004,1.4720657894736842
M433,0.00055,1e-05,-0.25,0.04,0.072599,0.1926,nSEG,1,GNSS,-0.053598999999999994,0.007400000000000018,2.8209999999999997,0.03700000000000009,1.4289999999999998
M434,0.00055,1e-05,-0.25,0.05,0.072051,0.2182,nSEG,1,GNSS,-0.053051,-0.018199999999999994,2.7921578947368424,0.09099999999999997,1.4415789473684213
M435,0.00055,1e-05,-0.25,0.08,0.070353,0.2862,nSEG,1,GNSS,-0.051352999999999996,-0.0862,2.70278947368421,0.431,1.5668947368421051
M436,0.00055,1e-05,0.0,0.03,0.074132,0.1504,nSEG,1,GNSS,-0.055132,0.049600000000000005,2.901684210526316,0.24800000000000003,1.574842105263158
M437,0.00055,1e-05,0.0,0.035,0.073041,0.1634,nSEG,1,GNSS,-0.05404099999999999,0.03660000000000002,2.8442631578947366,0.1830000000000001,1.5136315789473684
M438,0.00055,1e-05,0.0,0.04,0.072795,0.1768,nSEG,1,GNSS,-0.053794999999999996,0.0232,2.8313157894736842,0.11599999999999999,1.4736578947368422
M439,0.00055,1e-05,0.0,0.05,0.072395,0.2018,nSEG,1,GNSS,-0.053395,-0.001799999999999996,2.810263157894737,0.00899999999999998,1.4096315789473683
M440,0.00055,1e-05,0.0,0.08,0.070804,0.2633,nSEG,1,GNSS,-0.051804,-0.06329999999999997,2.726526315789474,0.31649999999999984,1.521513157894737
M441,0.00055,1e-05,0.25,0.03,0.074161,0.1407,nSEG,1,GNSS,-0.055161,0.05930000000000002,2.9032105263157897,0.2965000000000001,1.5998552631578948
M442,0.00055,1e-05,0.25,0.035,0.073551,0.1531,nSEG,1,GNSS,-0.054551,0.0469,2.871105263157895,0.2345,1.5528026315789476
M443,0.00055,1e-05,0.25,0.04,0.07295,0.1654,nSEG,1,GNSS,-0.05395,0.03460000000000002,2.8394736842105264,0.1730000000000001,1.5062368421052632
M444,0.00055,1e-05,0.25,0.05,0.072545,0.1888,nSEG,1,GNSS,-0.053544999999999995,0.011200000000000015,2.8181578947368418,0.05600000000000008,1.437078947368421
M445,0.00055,1e-05,0.25,0.08,0.071126,0.2467,nSEG,1,GNSS,-0.05212599999999999,-0.04669999999999999,2.743473684210526,0.23349999999999996,1.4884868421052628
M446,0.00055,1e-05,0.5,0.03,0.074315,0.1334,nSEG,1,GNSS,-0.055315,0.06660000000000002,2.9113157894736843,0.3330000000000001,1.6221578947368422
M447,0.00055,1e-05,0.5,0.035,0.07394,0.1458,nSEG,1,GNSS,-0.05494,0.0542,2.8915789473684215,0.27099999999999996,1.5812894736842107
M448,0.00055,1e-05,0.5,0.04,0.073233,0.1563,nSEG,1,GNSS,-0.054233,0.04370000000000002,2.854368421052632,0.21850000000000008,1.536434210526316
M449,0.00055,1e-05,0.5,0.05,0.072651,0.1788,nSEG,1,GNSS,-0.05365099999999999,0.021200000000000024,2.8237368421052627,0.10600000000000012,1.4648684210526315
M450,0.00055,1e-05,0.5,0.08,0.071498,0.2341,nSEG,1,GNSS,-0.052498,-0.03409999999999999,2.7630526315789474,0.17049999999999996,1.4667763157894738
M451,0.00055,5.5e-05,-0.5,0.03,0.088438,0.2053,nSEG,1,GNSS,-0.069438,-0.005299999999999999,3.6546315789473685,0.026499999999999996,1.8405657894736842
M452,0.00055,5.5e-05,-0.5,0.035,0.088191,0.225,nSEG,1,GNSS,-0.069191,-0.024999999999999994,3.6416315789473686,0.12499999999999997,1.8833157894736843
M453,0.00055,5.5e-05,-0.5,0.04,0.087979,0.2437,nSEG,1,GNSS,-0.068979,-0.04369999999999999,3.6304736842105263,0.21849999999999994,1.9244868421052632
M454,0.00055,5.5e-05,-0.5,0.05,0.087186,0.2766,nSEG,1,GNSS,-0.068186,-0.0766,3.5887368421052632,0.383,1.9858684210526316
M455,0.00055,5.5e-05,-0.5,0.08,0.085191,0.3614,nSEG,1,GNSS,-0.066191,-0.1614,3.4837368421052632,0.8069999999999999,2.1453684210526314
M456,0.00055,5.5e-05,-0.25,0.03,0.088673,0.1819,nSEG,1,GNSS,-0.069673,0.018100000000000005,3.667,0.09050000000000002,1.87875
M457,0.00055,5.5e-05,-0.25,0.035,0.088462,0.1994,nSEG,1,GNSS,-0.069462,0.0006000000000000172,3.655894736842105,0.003000000000000086,1.8294473684210526
M458,0.00055,5.5e-05,-0.25,0.04,0.088264,0.2159,nSEG,1,GNSS,-0.06926399999999999,-0.015899999999999997,3.645473684210526,0.07949999999999999,1.862486842105263
M459,0.00055,5.5e-05,-0.25,0.05,0.087647,0.2455,nSEG,1,GNSS,-0.068647,-0.045499999999999985,3.613,0.22749999999999992,1.92025
M460,0.00055,5.5e-05,-0.25,0.08,0.086336,0.323,nSEG,1,GNSS,-0.067336,-0.123,3.5439999999999996,0.615,2.0795
M461,0.00055,5.5e-05,0.0,0.03,0.089597,0.1683,nSEG,1,GNSS,-0.070597,0.031700000000000006,3.715631578947368,0.15850000000000003,1.937065789473684
M462,0.00055,5.5e-05,0.0,0.035,0.088609,0.183,nSEG,1,GNSS,-0.06960899999999999,0.017000000000000015,3.663631578947368,0.08500000000000008,1.874315789473684
M463,0.00055,5.5e-05,0.0,0.04,0.088426,0.1981,nSEG,1,GNSS,-0.069426,0.0019000000000000128,3.6540000000000004,0.009500000000000064,1.8317500000000002
M464,0.00055,5.5e-05,0.0,0.05,0.088076,0.2262,nSEG,1,GNSS,-0.069076,-0.0262,3.6355789473684212,0.131,1.8832894736842105
M465,0.00055,5.5e-05,0.0,0.08,0.086759,0.2971,nSEG,1,GNSS,-0.067759,-0.09709999999999996,3.566263157894737,0.4854999999999998,2.0258815789473683
M466,0.00055,5.5e-05,0.25,0.03,0.090363,0.1587,nSEG,1,GNSS,-0.071363,0.0413,3.7559473684210527,0.20650000000000002,1.9812236842105264
M467,0.00055,5.5e-05,0.25,0.035,0.089429,0.1725,nSEG,1,GNSS,-0.07042899999999999,0.027500000000000024,3.70678947368421,0.13750000000000012,1.9221447368421052
M468,0.00055,5.5e-05,0.25,0.04,0.088529,0.1853,nSEG,1,GNSS,-0.069529,0.014700000000000019,3.6594210526315787,0.07350000000000009,1.8664605263157894
M469,0.00055,5.5e-05,0.25,0.05,0.08821,0.2116,nSEG,1,GNSS,-0.06921,-0.0116,3.642631578947368,0.057999999999999996,1.850315789473684
M470,0.00055,5.5e-05,0.25,0.08,0.087009,0.2782,nSEG,1,GNSS,-0.068009,-0.07819999999999999,3.579421052631579,0.39099999999999996,1.9852105263157895
M471,0.00055,5.5e-05,0.5,0.03,0.090434,0.1503,nSEG,1,GNSS,-0.071434,0.04970000000000002,3.759684210526316,0.2485000000000001,2.004092105263158
M472,0.00055,5.5e-05,0.5,0.035,0.08965,0.1636,nSEG,1,GNSS,-0.07064999999999999,0.036400000000000016,3.7184210526315784,0.18200000000000008,1.9502105263157892
M473,0.00055,5.5e-05,0.5,0.04,0.089186,0.1765,nSEG,1,GNSS,-0.070186,0.02350000000000002,3.694,0.1175000000000001,1.90575
M474,0.00055,5.5e-05,0.5,0.05,0.088291,0.2003,nSEG,1,GNSS,-0.06929099999999999,-0.0002999999999999947,3.6468947368421047,0.0014999999999999736,1.8241973684210524
M475,0.00055,5.5e-05,0.5,0.08,0.087185,0.2636,nSEG,1,GNSS,-0.068185,-0.06359999999999999,3.5886842105263157,0.31799999999999995,1.9533421052631579
M476,0.00055,0.0001,-0.5,0.03,0.098932,0.2197,nSEG,1,GNSS,-0.079932,-0.019699999999999995,4.206947368421053,0.09849999999999998,2.1527236842105264
M477,0.00055,0.0001,-0.5,0.035,0.0985,0.24,nSEG,1,GNSS,-0.0795,-0.03999999999999998,4.184210526315789,0.1999999999999999,2.192105263157895
M478,0.00055,0.0001,-0.5,0.04,0.098314,0.2599,nSEG,1,GNSS,-0.079314,-0.05990000000000001,4.174421052631579,0.29950000000000004,2.2369605263157895
M479,0.00055,0.0001,-0.5,0.05,0.097971,0.2968,nSEG,1,GNSS,-0.078971,-0.0968,4.1563684210526315,0.484,2.3201842105263157
M480,0.00055,0.0001,-0.5,0.08,0.096348,0.3893,nSEG,1,GNSS,-0.077348,-0.18929999999999997,4.070947368421053,0.9464999999999998,2.5087236842105263
M481,0.00055,0.0001,-0.25,0.03,0.09961,0.1954,nSEG,1,GNSS,-0.08061,0.004600000000000021,4.2426315789473685,0.023000000000000104,2.132815789473684
M482,0.00055,0.0001,-0.25,0.035,0.09892,0.2133,nSEG,1,GNSS,-0.07991999999999999,-0.013299999999999979,4.206315789473684,0.06649999999999989,2.1364078947368417
M483,0.00055,0.0001,-0.25,0.04,0.098539,0.2303,nSEG,1,GNSS,-0.079539,-0.030299999999999994,4.186263157894737,0.15149999999999997,2.168881578947368
M484,0.00055,0.0001,-0.25,0.05,0.098242,0.263,nSEG,1,GNSS,-0.07924199999999999,-0.063,4.1706315789473685,0.315,2.2428157894736844
M485,0.00055,0.0001,-0.25,0.08,0.097019,0.3461,nSEG,1,GNSS,-0.07801899999999999,-0.1461,4.106263157894737,0.7305,2.4183815789473684
M486,0.00055,0.0001,0.0,0.03,0.10006,0.18,nSEG,1,GNSS,-0.08106,0.020000000000000018,4.266315789473684,0.10000000000000009,2.1831578947368424
M487,0.00055,0.0001,0.0,0.035,0.099509,0.1965,nSEG,1,GNSS,-0.080509,0.003500000000000003,4.237315789473684,0.017500000000000016,2.127407894736842
M488,0.00055,0.0001,0.0,0.04,0.098878,0.2119,nSEG,1,GNSS,-0.07987799999999999,-0.011899999999999994,4.204105263157895,0.05949999999999997,2.1318026315789473
M489,0.00055,0.0001,0.0,0.05,0.098397,0.2413,nSEG,1,GNSS,-0.079397,-0.041299999999999976,4.17878947368421,0.20649999999999988,2.192644736842105
M490,0.00055,0.0001,0.0,0.08,0.097673,0.3191,nSEG,1,GNSS,-0.07867299999999999,-0.11909999999999998,4.140684210526316,0.5954999999999999,2.368092105263158
M491,0.00055,0.0001,0.25,0.03,0.10009,0.1683,nSEG,1,GNSS,-0.08109,0.031700000000000006,4.267894736842105,0.15850000000000003,2.2131973684210524
M492,0.00055,0.0001,0.25,0.035,0.099958,0.1845,nSEG,1,GNSS,-0.080958,0.015500000000000014,4.260947368421053,0.07750000000000007,2.169223684210526
M493,0.00055,0.0001,0.25,0.04,0.099193,0.1984,nSEG,1,GNSS,-0.080193,0.001600000000000018,4.220684210526316,0.00800000000000009,2.114342105263158
M494,0.00055,0.0001,0.25,0.05,0.098766,0.2268,nSEG,1,GNSS,-0.079766,-0.02679999999999999,4.19821052631579,0.13399999999999995,2.166105263157895
M495,0.00055,0.0001,0.25,0.08,0.097818,0.2987,nSEG,1,GNSS,-0.078818,-0.09870000000000001,4.148315789473684,0.49350000000000005,2.320907894736842
M496,0.00055,0.0001,0.5,0.03,0.10007,0.1592,nSEG,1,GNSS,-0.08107,0.0408,4.266842105263158,0.20400000000000001,2.2354210526315788
M497,0.00055,0.0001,0.5,0.035,0.099989,0.1747,nSEG,1,GNSS,-0.08098899999999999,0.025300000000000017,4.262578947368421,0.12650000000000008,2.1945394736842103
M498,0.00055,0.0001,0.5,0.04,0.099821,0.1891,nSEG,1,GNSS,-0.08082099999999999,0.01090000000000002,4.253736842105263,0.054500000000000104,2.1541184210526314
M499,0.00055,0.0001,0.5,0.05,0.098774,0.2144,nSEG,1,GNSS,-0.079774,-0.014399999999999996,4.198631578947368,0.07199999999999998,2.135315789473684
M500,0.00055,0.0001,0.5,0.08,0.097927,0.2828,nSEG,1,GNSS,-0.078927,-0.08279999999999998,4.154052631578947,0.4139999999999999,2.2840263157894736
M501,0.001,1e-06,-0.5,0.03,0.072467,0.1846,nSEG,1,GNSS,-0.053467,0.015400000000000025,2.8140526315789476,0.07700000000000012,1.4455263157894738
M502,0.001,1e-06,-0.5,0.035,0.072379,0.2032,nSEG,1,GNSS,-0.053378999999999996,-0.0031999999999999806,2.8094210526315786,0.015999999999999903,1.4127105263157893
M503,0.001,1e-06,-0.5,0.04,0.071524,0.2158,nSEG,1,GNSS,-0.052524,-0.01579999999999998,2.764421052631579,0.0789999999999999,1.4217105263157894
M504,0.001,1e-06,-0.5,0.05,0.071033,0.2464,nSEG,1,GNSS,-0.052032999999999996,-0.0464,2.738578947368421,0.23199999999999998,1.4852894736842104
M505,0.001,1e-06,-0.5,0.08,0.068616,0.3192,nSEG,1,GNSS,-0.04961599999999999,-0.11919999999999997,2.611368421052631,0.5959999999999999,1.6036842105263154
M506,0.001,1e-06,-0.25,0.03,0.07263,0.1628,nSEG,1,GNSS,-0.05363,0.03720000000000001,2.822631578947368,0.18600000000000005,1.504315789473684
M507,0.001,1e-06,-0.25,0.035,0.072453,0.179,nSEG,1,GNSS,-0.053453,0.02100000000000002,2.8133157894736844,0.1050000000000001,1.4591578947368422
M508,0.001,1e-06,-0.25,0.04,0.072375,0.1945,nSEG,1,GNSS,-0.05337499999999999,0.005500000000000005,2.809210526315789,0.027500000000000024,1.4183552631578944
M509,0.001,1e-06,-0.25,0.05,0.071417,0.2183,nSEG,1,GNSS,-0.05241699999999999,-0.018299999999999983,2.7587894736842102,0.09149999999999991,1.425144736842105
M510,0.001,1e-06,-0.25,0.08,0.070011,0.2876,nSEG,1,GNSS,-0.051011,-0.08760000000000001,2.684789473684211,0.43800000000000006,1.5613947368421055
M511,0.001,1e-06,0.0,0.03,0.072762,0.1492,nSEG,1,GNSS,-0.05376199999999999,0.05080000000000001,2.8295789473684207,0.25400000000000006,1.5417894736842104
M512,0.001,1e-06,0.0,0.035,0.072556,0.1638,nSEG,1,GNSS,-0.05355599999999999,0.03620000000000001,2.8187368421052628,0.18100000000000005,1.4998684210526314
M513,0.001,1e-06,0.0,0.04,0.072401,0.1778,nSEG,1,GNSS,-0.05340099999999999,0.022199999999999998,2.8105789473684206,0.11099999999999999,1.4607894736842102
M514,0.001,1e-06,0.0,0.05,0.07225,0.2043,nSEG,1,GNSS,-0.05324999999999999,-0.004299999999999998,2.802631578947368,0.02149999999999999,1.412065789473684
M515,0.001,1e-06,0.0,0.08,0.070512,0.265,nSEG,1,GNSS,-0.051512,-0.065,2.7111578947368424,0.325,1.5180789473684213
M516,0.001,1e-06,0.25,0.03,0.073983,0.1408,nSEG,1,GNSS,-0.05498299999999999,0.0592,2.8938421052631575,0.296,1.5949210526315787
M517,0.001,1e-06,0.25,0.035,0.072645,0.153,nSEG,1,GNSS,-0.053645,0.047000000000000014,2.823421052631579,0.23500000000000007,1.5292105263157894
M518,0.001,1e-06,0.25,0.04,0.072467,0.1659,nSEG,1,GNSS,-0.053467,0.03410000000000002,2.8140526315789476,0.1705000000000001,1.4922763157894738
M519,0.001,1e-06,0.25,0.05,0.072245,0.1904,nSEG,1,GNSS,-0.053245,0.009599999999999997,2.802368421052632,0.04799999999999999,1.425184210526316
M520,0.001,1e-06,0.25,0.08,0.07083,0.2478,nSEG,1,GNSS,-0.05183,-0.04779999999999998,2.7278947368421056,0.2389999999999999,1.4834473684210527
M521,0.001,1e-06,0.5,0.03,0.074243,0.1337,nSEG,1,GNSS,-0.055243,0.0663,2.907526315789474,0.33149999999999996,1.619513157894737
M522,0.001,1e-06,0.5,0.035,0.073316,0.145,nSEG,1,GNSS,-0.054316,0.05500000000000002,2.8587368421052632,0.2750000000000001,1.5668684210526316
M523,0.001,1e-06,0.5,0.04,0.072611,0.1569,nSEG,1,GNSS,-0.05361099999999999,0.0431,2.8216315789473683,0.2155,1.5185657894736841
M524,0.001,1e-06,0.5,0.05,0.07226,0.1799,nSEG,1,GNSS,-0.05326,0.020100000000000007,2.803157894736842,0.10050000000000003,1.451828947368421
M525,0.001,1e-06,0.5,0.08,0.070976,0.2346,nSEG,1,GNSS,-0.051975999999999994,-0.03459999999999999,2.735578947368421,0.17299999999999996,1.4542894736842105
M526,0.001,5.5e-06,-0.5,0.03,0.074413,0.185,nSEG,1,GNSS,-0.055413000000000004,0.015000000000000013,2.9164736842105268,0.07500000000000007,1.4957368421052635
M527,0.001,5.5e-06,-0.5,0.035,0.073919,0.2029,nSEG,1,GNSS,-0.054918999999999996,-0.002899999999999986,2.890473684210526,0.01449999999999993,1.452486842105263
M528,0.001,5.5e-06,-0.5,0.04,0.073653,0.2197,nSEG,1,GNSS,-0.05465299999999999,-0.019699999999999995,2.876473684210526,0.09849999999999998,1.487486842105263
M529,0.001,5.5e-06,-0.5,0.05,0.073204,0.2511,nSEG,1,GNSS,-0.054204,-0.05109999999999998,2.852842105263158,0.2554999999999999,1.554171052631579
M530,0.001,5.5e-06,-0.5,0.08,0.070751,0.3253,nSEG,1,GNSS,-0.05175099999999999,-0.12529999999999997,2.7237368421052626,0.6264999999999998,1.6751184210526313
M531,0.001,5.5e-06,-0.25,0.03,0.074769,0.1659,nSEG,1,GNSS,-0.055769,0.03410000000000002,2.9352105263157897,0.1705000000000001,1.552855263157895
M532,0.001,5.5e-06,-0.25,0.035,0.07443,0.1797,nSEG,1,GNSS,-0.05542999999999999,0.020300000000000012,2.917368421052631,0.10150000000000006,1.5094342105263157
M533,0.001,5.5e-06,-0.25,0.04,0.073996,0.1946,nSEG,1,GNSS,-0.054996,0.005400000000000016,2.894526315789474,0.02700000000000008,1.460763157894737
M534,0.001,5.5e-06,-0.25,0.05,0.07355,0.2223,nSEG,1,GNSS,-0.05455,-0.022299999999999986,2.8710526315789475,0.11149999999999993,1.4912763157894737
M535,0.001,5.5e-06,-0.25,0.08,0.071653,0.2894,nSEG,1,GNSS,-0.05265299999999999,-0.08939999999999998,2.771210526315789,0.4469999999999999,1.6091052631578946
M536,0.001,5.5e-06,0.0,0.03,0.074901,0.1519,nSEG,1,GNSS,-0.05590099999999999,0.048100000000000004,2.942157894736842,0.24050000000000002,1.591328947368421
M537,0.001,5.5e-06,0.0,0.035,0.074698,0.1668,nSEG,1,GNSS,-0.055698,0.03320000000000001,2.9314736842105265,0.16600000000000004,1.5487368421052632
M538,0.001,5.5e-06,0.0,0.04,0.074387,0.1785,nSEG,1,GNSS,-0.05538699999999999,0.02150000000000002,2.915105263157894,0.1075000000000001,1.511302631578947
M539,0.001,5.5e-06,0.0,0.05,0.07378,0.2039,nSEG,1,GNSS,-0.054779999999999995,-0.003899999999999987,2.883157894736842,0.019499999999999934,1.451328947368421
M540,0.001,5.5e-06,0.0,0.08,0.072221,0.2666,nSEG,1,GNSS,-0.05322099999999999,-0.06659999999999999,2.8011052631578943,0.33299999999999996,1.5670526315789473
M541,0.001,5.5e-06,0.25,0.03,0.076239,0.1435,nSEG,1,GNSS,-0.057239,0.05650000000000002,3.012578947368421,0.2825000000000001,1.6475394736842106
M542,0.001,5.5e-06,0.25,0.035,0.074762,0.1558,nSEG,1,GNSS,-0.05576199999999999,0.04420000000000002,2.9348421052631575,0.22100000000000009,1.5779210526315788
M543,0.001,5.5e-06,0.25,0.04,0.074613,0.169,nSEG,1,GNSS,-0.055612999999999996,0.031,2.927,0.155,1.541
M544,0.001,5.5e-06,0.25,0.05,0.074103,0.1907,nSEG,1,GNSS,-0.055103,0.009300000000000003,2.900157894736842,0.046500000000000014,1.473328947368421
M545,0.001,5.5e-06,0.25,0.08,0.073006,0.2525,nSEG,1,GNSS,-0.054006,-0.05249999999999999,2.842421052631579,0.26249999999999996,1.5524605263157896
M546,0.001,5.5e-06,0.5,0.03,0.076455,0.1362,nSEG,1,GNSS,-0.05745499999999999,0.06380000000000002,3.0239473684210525,0.3190000000000001,1.6714736842105262
M547,0.001,5.5e-06,0.5,0.035,0.075618,0.1479,nSEG,1,GNSS,-0.056618,0.05210000000000001,2.9798947368421054,0.2605,1.6201973684210527
M548,0.001,5.5e-06,0.5,0.04,0.074651,0.1598,nSEG,1,GNSS,-0.05565099999999999,0.040200000000000014,2.929,0.20100000000000007,1.565
M549,0.001,5.5e-06,0.5,0.05,0.074232,0.1805,nSEG,1,GNSS,-0.055232,0.019500000000000017,2.906947368421053,0.09750000000000009,1.5022236842105265
M550,0.001,5.5e-06,0.5,0.08,0.073121,0.239,nSEG,1,GNSS,-0.054121,-0.03899999999999998,2.8484736842105267,0.1949999999999999,1.5217368421052633
M551,0.001,1e-05,-0.5,0.03,0.076473,0.1882,nSEG,1,GNSS,-0.057472999999999996,0.011800000000000005,3.0248947368421053,0.059000000000000025,1.5419473684210527
M552,0.001,1e-05,-0.5,0.035,0.075929,0.2063,nSEG,1,GNSS,-0.056928999999999993,-0.0063,2.9962631578947367,0.0315,1.5138815789473683
M553,0.001,1e-05,-0.5,0.04,0.07568,0.2234,nSEG,1,GNSS,-0.056679999999999994,-0.023399999999999976,2.983157894736842,0.11699999999999988,1.550078947368421
M554,0.001,1e-05,-0.5,0.05,0.074718,0.2525,nSEG,1,GNSS,-0.055718000000000004,-0.05249999999999999,2.932526315789474,0.26249999999999996,1.597513157894737
M555,0.001,1e-05,-0.5,0.08,0.072789,0.331,nSEG,1,GNSS,-0.053789000000000003,-0.131,2.8310000000000004,0.655,1.7430000000000003
M556,0.001,1e-05,-0.25,0.03,0.076813,0.1667,nSEG,1,GNSS,-0.057813,0.033300000000000024,3.042789473684211,0.16650000000000012,1.6046447368421055
M557,0.001,1e-05,-0.25,0.035,0.076473,0.1826,nSEG,1,GNSS,-0.057472999999999996,0.0174,3.0248947368421053,0.087,1.5559473684210527
M558,0.001,1e-05,-0.25,0.04,0.075995,0.1978,nSEG,1,GNSS,-0.05699499999999999,0.0022000000000000075,2.999736842105263,0.011000000000000038,1.5053684210526315
M559,0.001,1e-05,-0.25,0.05,0.075584,0.2261,nSEG,1,GNSS,-0.056583999999999995,-0.026099999999999984,2.9781052631578944,0.13049999999999992,1.5543026315789472
M560,0.001,1e-05,-0.25,0.08,0.073698,0.2944,nSEG,1,GNSS,-0.054698,-0.09439999999999998,2.878842105263158,0.4719999999999999,1.675421052631579
M561,0.001,1e-05,0.0,0.03,0.076927,0.1545,nSEG,1,GNSS,-0.05792699999999999,0.04550000000000001,3.0487894736842103,0.22750000000000006,1.6381447368421052
M562,0.001,1e-05,0.0,0.035,0.076739,0.1677,nSEG,1,GNSS,-0.057739,0.03230000000000002,3.038894736842105,0.16150000000000012,1.6001973684210526
M563,0.001,1e-05,0.0,0.04,0.076426,0.1814,nSEG,1,GNSS,-0.05742599999999999,0.018600000000000005,3.0224210526315787,0.09300000000000003,1.5577105263157893
M564,0.001,1e-05,0.0,0.05,0.075793,0.2073,nSEG,1,GNSS,-0.056792999999999996,-0.007300000000000001,2.9891052631578945,0.036500000000000005,1.5128026315789473
M565,0.001,1e-05,0.0,0.08,0.074189,0.271,nSEG,1,GNSS,-0.055189,-0.07100000000000001,2.904684210526316,0.35500000000000004,1.629842105263158
M566,0.001,1e-05,0.25,0.03,0.078373,0.146,nSEG,1,GNSS,-0.059372999999999995,0.05400000000000002,3.124894736842105,0.2700000000000001,1.6974473684210525
M567,0.001,1e-05,0.25,0.035,0.076824,0.1585,nSEG,1,GNSS,-0.057824,0.04150000000000001,3.0433684210526315,0.20750000000000005,1.6254342105263158
M568,0.001,1e-05,0.25,0.04,0.076651,0.1698,nSEG,1,GNSS,-0.057650999999999994,0.030200000000000005,3.0342631578947366,0.15100000000000002,1.5926315789473682
M569,0.001,1e-05,0.25,0.05,0.076146,0.1939,nSEG,1,GNSS,-0.057146,0.006100000000000022,3.007684210526316,0.03050000000000011,1.519092105263158
M570,0.001,1e-05,0.25,0.08,0.07449,0.2539,nSEG,1,GNSS,-0.05549,-0.0539,2.9205263157894734,0.2695,1.5950131578947366
M571,0.001,1e-05,0.5,0.03,0.078551,0.1385,nSEG,1,GNSS,-0.05955099999999999,0.0615,3.1342631578947366,0.3075,1.7208815789473684
M572,0.001,1e-05,0.5,0.035,0.077791,0.1505,nSEG,1,GNSS,-0.058790999999999996,0.049500000000000016,3.0942631578947366,0.24750000000000008,1.6708815789473683
M573,0.001,1e-05,0.5,0.04,0.076743,0.1608,nSEG,1,GNSS,-0.057743,0.03920000000000001,3.0391052631578948,0.19600000000000006,1.6175526315789475
M574,0.001,1e-05,0.5,0.05,0.076278,0.1834,nSEG,1,GNSS,-0.057277999999999996,0.016600000000000004,3.0146315789473683,0.08300000000000002,1.5488157894736843
M575,0.001,1e-05,0.5,0.08,0.074998,0.2408,nSEG,1,GNSS,-0.05599799999999999,-0.040799999999999975,2.9472631578947364,0.20399999999999988,1.575631578947368
M576,0.001,5.5e-05,-0.5,0.03,0.091313,0.2093,nSEG,1,GNSS,-0.072313,-0.009300000000000003,3.805947368421053,0.046500000000000014,1.9262236842105265
M577,0.001,5.5e-05,-0.5,0.035,0.091063,0.2294,nSEG,1,GNSS,-0.072063,-0.02939999999999998,3.792789473684211,0.1469999999999999,1.9698947368421054
M578,0.001,5.5e-05,-0.5,0.04,0.09085,0.2484,nSEG,1,GNSS,-0.07185,-0.0484,3.781578947368421,0.242,2.0117894736842103
M579,0.001,5.5e-05,-0.5,0.05,0.09004,0.2821,nSEG,1,GNSS,-0.07103999999999999,-0.0821,3.7389473684210524,0.41050000000000003,2.074723684210526
M580,0.001,5.5e-05,-0.5,0.08,0.087949,0.3686,nSEG,1,GNSS,-0.068949,-0.16859999999999997,3.628894736842105,0.8429999999999999,2.2359473684210522
M581,0.001,5.5e-05,-0.25,0.03,0.09178,0.1864,nSEG,1,GNSS,-0.07278,0.013600000000000001,3.8305263157894736,0.068,1.9492631578947368
M582,0.001,5.5e-05,-0.25,0.035,0.091346,0.2033,nSEG,1,GNSS,-0.072346,-0.0032999999999999974,3.8076842105263156,0.016499999999999987,1.9120921052631579
M583,0.001,5.5e-05,-0.25,0.04,0.091123,0.22,nSEG,1,GNSS,-0.07212299999999999,-0.01999999999999999,3.7959473684210523,0.09999999999999995,1.9479736842105262
M584,0.001,5.5e-05,-0.25,0.05,0.090769,0.2513,nSEG,1,GNSS,-0.071769,-0.05130000000000001,3.7773157894736844,0.25650000000000006,2.016907894736842
M585,0.001,5.5e-05,-0.25,0.08,0.089213,0.3297,nSEG,1,GNSS,-0.070213,-0.12969999999999998,3.6954210526315787,0.6484999999999999,2.1719605263157895
M586,0.001,5.5e-05,0.0,0.03,0.092934,0.1723,nSEG,1,GNSS,-0.073934,0.027700000000000002,3.8912631578947368,0.1385,2.014881578947368
M587,0.001,5.5e-05,0.0,0.035,0.09172,0.1875,nSEG,1,GNSS,-0.07271999999999999,0.012500000000000011,3.8273684210526313,0.06250000000000006,1.9449342105263157
M588,0.001,5.5e-05,0.0,0.04,0.091307,0.2019,nSEG,1,GNSS,-0.072307,-0.001899999999999985,3.8056315789473683,0.009499999999999925,1.9075657894736842
M589,0.001,5.5e-05,0.0,0.05,0.090926,0.2306,nSEG,1,GNSS,-0.071926,-0.03059999999999999,3.785578947368421,0.15299999999999994,1.9692894736842106
M590,0.001,5.5e-05,0.0,0.08,0.089636,0.3032,nSEG,1,GNSS,-0.07063599999999999,-0.10320000000000001,3.7176842105263153,0.516,2.1168421052631574
M591,0.001,5.5e-05,0.25,0.03,0.092942,0.1611,nSEG,1,GNSS,-0.073942,0.03890000000000002,3.8916842105263156,0.1945000000000001,2.043092105263158
M592,0.001,5.5e-05,0.25,0.035,0.092539,0.1761,nSEG,1,GNSS,-0.073539,0.023900000000000005,3.870473684210526,0.11950000000000002,1.994986842105263
M593,0.001,5.5e-05,0.25,0.04,0.091656,0.19,nSEG,1,GNSS,-0.072656,0.010000000000000009,3.824,0.050000000000000044,1.9369999999999998
M594,0.001,5.5e-05,0.25,0.05,0.091063,0.2157,nSEG,1,GNSS,-0.072063,-0.015699999999999992,3.792789473684211,0.07849999999999996,1.9356447368421055
M595,0.001,5.5e-05,0.25,0.08,0.089853,0.2838,nSEG,1,GNSS,-0.070853,-0.08379999999999999,3.7291052631578947,0.41899999999999993,2.0740526315789474
M596,0.001,5.5e-05,0.5,0.03,0.093006,0.1525,nSEG,1,GNSS,-0.074006,0.047500000000000014,3.8950526315789475,0.23750000000000007,2.066276315789474
M597,0.001,5.5e-05,0.5,0.035,0.092836,0.1672,nSEG,1,GNSS,-0.073836,0.032800000000000024,3.8861052631578947,0.16400000000000012,2.0250526315789474
M598,0.001,5.5e-05,0.5,0.04,0.091654,0.1794,nSEG,1,GNSS,-0.072654,0.020600000000000007,3.8238947368421052,0.10300000000000004,1.9634473684210527
M599,0.001,5.5e-05,0.5,0.05,0.091149,0.2043,nSEG,1,GNSS,-0.07214899999999999,-0.004299999999999998,3.797315789473684,0.02149999999999999,1.909407894736842
M600,0.001,5.5e-05,0.5,0.08,0.090017,0.2689,nSEG,1,GNSS,-0.071017,-0.06889999999999996,3.7377368421052632,0.3444999999999998,2.0411184210526314
M601,0.001,0.0001,-0.5,0.03,0.10148,0.223,nSEG,1,GNSS,-0.08248,-0.022999999999999993,4.341052631578948,0.11499999999999996,2.228026315789474
M602,0.001,0.0001,-0.5,0.035,0.10103,0.2437,nSEG,1,GNSS,-0.08202999999999999,-0.04369999999999999,4.317368421052631,0.21849999999999994,2.2679342105263154
M603,0.001,0.0001,-0.5,0.04,0.10088,0.264,nSEG,1,GNSS,-0.08188,-0.064,4.309473684210526,0.32,2.314736842105263
M604,0.001,0.0001,-0.5,0.05,0.10058,0.3016,nSEG,1,GNSS,-0.08158,-0.10159999999999997,4.293684210526316,0.5079999999999998,2.400842105263158
M605,0.001,0.0001,-0.5,0.08,0.098479,0.3942,nSEG,1,GNSS,-0.079479,-0.19419999999999998,4.183105263157895,0.9709999999999999,2.5770526315789475
M606,0.001,0.0001,-0.25,0.03,0.10156,0.1974,nSEG,1,GNSS,-0.08256,0.002600000000000019,4.3452631578947365,0.013000000000000095,2.179131578947368
M607,0.001,0.0001,-0.25,0.035,0.10144,0.2165,nSEG,1,GNSS,-0.08244,-0.016499999999999987,4.338947368421053,0.08249999999999993,2.2107236842105262
M608,0.001,0.0001,-0.25,0.04,0.10137,0.2347,nSEG,1,GNSS,-0.08237,-0.03469999999999998,4.335263157894737,0.1734999999999999,2.2543815789473682
M609,0.001,0.0001,-0.25,0.05,0.1008,0.2671,nSEG,1,GNSS,-0.0818,-0.06709999999999999,4.3052631578947365,0.33549999999999996,2.320381578947368
M610,0.001,0.0001,-0.25,0.08,0.099581,0.3517,nSEG,1,GNSS,-0.080581,-0.1517,4.241105263157895,0.7585,2.499802631578947
M611,0.001,0.0001,0.0,0.03,0.10243,0.1823,nSEG,1,GNSS,-0.08342999999999999,0.01770000000000002,4.391052631578947,0.0885000000000001,2.2397763157894732
M612,0.001,0.0001,0.0,0.035,0.1015,0.1985,nSEG,1,GNSS,-0.0825,0.0015000000000000013,4.342105263157895,0.007500000000000007,2.1748026315789475
M613,0.001,0.0001,0.0,0.04,0.1014,0.2151,nSEG,1,GNSS,-0.0824,-0.015100000000000002,4.336842105263158,0.07550000000000001,2.206171052631579
M614,0.001,0.0001,0.0,0.05,0.10092,0.2451,nSEG,1,GNSS,-0.08191999999999999,-0.0451,4.311578947368421,0.2255,2.2685394736842106
M615,0.001,0.0001,0.0,0.08,0.09988,0.323,nSEG,1,GNSS,-0.08088,-0.123,4.256842105263158,0.615,2.435921052631579
M616,0.001,0.0001,0.25,0.03,0.10252,0.1705,nSEG,1,GNSS,-0.08352,0.0295,4.395789473684211,0.1475,2.2716447368421053
M617,0.001,0.0001,0.25,0.035,0.10225,0.1868,nSEG,1,GNSS,-0.08324999999999999,0.013200000000000017,4.38157894736842,0.06600000000000009,2.22378947368421
M618,0.001,0.0001,0.25,0.04,0.10144,0.2011,nSEG,1,GNSS,-0.08244,-0.0010999999999999899,4.338947368421053,0.005499999999999949,2.1722236842105263
M619,0.001,0.0001,0.25,0.05,0.10127,0.23,nSEG,1,GNSS,-0.08227,-0.03,4.33,0.15,2.24
M620,0.001,0.0001,0.25,0.08,0.10042,0.3035,nSEG,1,GNSS,-0.08141999999999999,-0.10349999999999998,4.285263157894737,0.5174999999999998,2.4013815789473685
M621,0.001,0.0001,0.5,0.03,0.10308,0.1623,nSEG,1,GNSS,-0.08408,0.03770000000000001,4.4252631578947375,0.18850000000000006,2.306881578947369
M622,0.001,0.0001,0.5,0.035,0.1024,0.177,nSEG,1,GNSS,-0.0834,0.02300000000000002,4.389473684210526,0.1150000000000001,2.252236842105263
M623,0.001,0.0001,0.5,0.04,0.10199,0.1912,nSEG,1,GNSS,-0.08299,0.008800000000000002,4.367894736842105,0.04400000000000001,2.2059473684210524
M624,0.001,0.0001,0.5,0.05,0.10129,0.2176,nSEG,1,GNSS,-0.08229,-0.017599999999999977,4.331052631578948,0.08799999999999988,2.209526315789474
M625,0.001,0.0001,0.5,0.08,0.10051,0.2873,nSEG,1,GNSS,-0.08151,-0.08729999999999999,4.29,0.43649999999999994,2.36325
