row,column,layer,node,Reach,Stage,Conductanc,Width,Length,Thickness,K,Flux_gw
46,51,1,0,100,124.837925,0.018768,7.820000,2.000000,0.500000,0.000600,-0.008393
47,51,1,0,100,124.835267,0.028152,7.820000,3.000000,0.500000,0.000600,-0.011813
48,51,1,0,100,124.832472,0.009384,7.820000,1.000000,0.500000,0.000600,-0.003905
48,52,1,0,100,124.829516,0.037536,7.820000,4.000000,0.500000,0.000600,-0.014776
49,52,1,0,100,124.824446,0.028152,7.820000,3.000000,0.500000,0.000600,-0.011108
49,53,1,0,100,124.821639,0.009384,7.820000,1.000000,0.500000,0.000600,-0.003813
50,53,1,0,100,124.818274,0.037536,7.820000,4.000000,0.500000,0.000600,-0.014825
51,53,1,0,100,124.813762,0.018768,7.820000,2.000000,0.500000,0.000600,-0.007811
51,54,1,0,100,124.810955,0.009384,7.820000,1.000000,0.500000,0.000600,-0.004072
52,54,1,0,100,124.807045,0.000182,2.270000,4.000000,0.500000,0.000010,-0.000083
53,54,1,0,100,124.803078,0.000045,2.270000,1.000000,0.500000,0.000010,-0.000021
53,55,1,0,100,124.800271,0.000091,2.270000,2.000000,0.500000,0.000010,-0.000043
54,55,1,0,100,124.795816,0.000136,2.270000,3.000000,0.500000,0.000010,-0.000066
55,55,1,0,100,124.792394,0.000045,2.270000,1.000000,0.500000,0.000010,-0.000022
55,56,1,0,100,124.789586,0.000136,2.270000,3.000000,0.500000,0.000010,-0.000068
56,56,1,0,100,124.784587,0.000136,2.270000,3.000000,0.500000,0.000010,-0.000069
57,56,1,0,100,124.781709,0.000045,2.270000,1.000000,0.500000,0.000010,-0.000023
57,57,1,0,100,124.778902,0.000182,2.270000,4.000000,0.500000,0.000010,-0.000092
58,57,1,0,100,124.773832,0.000136,2.270000,3.000000,0.500000,0.000010,-0.000070
58,58,1,0,100,124.771025,0.000045,2.270000,1.000000,0.500000,0.000010,-0.000023
59,58,1,0,100,124.767743,0.000182,2.270000,4.000000,0.500000,0.000010,-0.000094
60,58,1,0,100,124.763148,0.000091,2.270000,2.000000,0.500000,0.000010,-0.000047
60,59,1,0,100,124.760341,0.000045,2.270000,1.000000,0.500000,0.000010,-0.000024
61,59,1,0,100,124.756514,0.000136,2.270000,3.000000,0.500000,0.000010,-0.000071
62,59,1,0,100,124.752464,0.000091,2.270000,2.000000,0.500000,0.000010,-0.000048
62,60,1,0,100,124.749657,0.000091,2.270000,2.000000,0.500000,0.000010,-0.000048
63,60,1,0,100,124.745285,0.000136,2.270000,3.000000,0.500000,0.000010,-0.000072
64,60,1,0,100,124.741780,0.000045,2.270000,1.000000,0.500000,0.000010,-0.000024
64,61,1,0,100,124.738972,0.000136,2.270000,3.000000,0.500000,0.000010,-0.000072
65,61,1,0,100,124.734056,0.000136,2.270000,3.000000,0.500000,0.000010,-0.000072
66,61,1,0,100,124.731095,0.000045,2.270000,1.000000,0.500000,0.000010,-0.000024
66,62,1,0,100,124.728288,0.000182,2.270000,4.000000,0.500000,0.000010,-0.000095
67,62,1,0,100,124.723218,0.000136,2.270000,3.000000,0.500000,0.000010,-0.000072
67,63,1,0,100,124.720411,0.000045,2.270000,1.000000,0.500000,0.000010,-0.000024
68,63,1,0,100,124.717212,0.000136,2.270000,3.000000,0.500000,0.000010,-0.000072
69,63,1,0,100,124.712534,0.000136,2.270000,3.000000,0.500000,0.000010,-0.000071
69,64,1,0,100,124.709727,0.000045,2.270000,1.000000,0.500000,0.000010,-0.000024
70,64,1,0,100,124.705983,0.000136,2.270000,3.000000,0.500000,0.000010,-0.000071
71,64,1,0,100,124.701850,0.000091,2.270000,2.000000,0.500000,0.000010,-0.000048
71,65,1,0,100,124.699043,0.000091,2.270000,2.000000,0.500000,0.000010,-0.000048
72,65,1,0,100,124.694754,0.000136,2.270000,3.000000,0.500000,0.000010,-0.000071
73,65,1,0,100,124.691166,0.000045,2.270000,1.000000,0.500000,0.000010,-0.000024
73,66,1,0,100,124.688358,0.000136,2.270000,3.000000,0.500000,0.000010,-0.000071
74,66,1,0,100,124.683525,0.000136,2.270000,3.000000,0.500000,0.000010,-0.000071
75,66,1,0,100,124.680481,0.000045,2.270000,1.000000,0.500000,0.000010,-0.000024
75,67,1,0,100,124.677674,0.000136,2.270000,3.000000,0.500000,0.000010,-0.000071
76,67,1,0,100,124.672604,0.000136,2.270000,3.000000,0.500000,0.000010,-0.000070
76,68,1,0,100,124.669797,0.000045,2.270000,1.000000,0.500000,0.000010,-0.000023
77,68,1,0,100,124.666681,0.000136,2.270000,3.000000,0.500000,0.000010,-0.000070
78,68,1,0,100,124.661920,0.000136,2.270000,3.000000,0.500000,0.000010,-0.000070
78,69,1,0,100,124.659113,0.000045,2.270000,1.000000,0.500000,0.000010,-0.000023
79,69,1,0,100,124.655452,0.000136,2.270000,3.000000,0.500000,0.000010,-0.000070
80,69,1,0,100,124.651236,0.000091,2.270000,2.000000,0.500000,0.000010,-0.000046
80,70,1,0,100,124.648429,0.000091,2.270000,2.000000,0.500000,0.000010,-0.000046
81,70,1,0,100,124.644223,0.000136,2.270000,3.000000,0.500000,0.000010,-0.000069
82,70,1,0,100,124.640552,0.000045,2.270000,1.000000,0.500000,0.000010,-0.000023
82,71,1,0,100,124.637744,0.000091,2.270000,2.000000,0.500000,0.000010,-0.000046
83,71,1,0,100,124.632994,0.000182,2.270000,4.000000,0.500000,0.000010,-0.000092
84,71,1,0,100,124.629867,0.000045,2.270000,1.000000,0.500000,0.000010,-0.000023
84,72,1,0,100,124.627060,0.000136,2.270000,3.000000,0.500000,0.000010,-0.000068
85,72,1,0,100,124.621990,0.000136,2.270000,3.000000,0.500000,0.000010,-0.000068
85,73,1,0,100,124.619183,0.000045,2.270000,1.000000,0.500000,0.000010,-0.000023
86,73,1,0,100,124.616150,0.000136,2.270000,3.000000,0.500000,0.000010,-0.000068
87,73,1,0,100,124.611306,0.000136,2.270000,3.000000,0.500000,0.000010,-0.000068
87,74,1,0,100,124.608499,0.000045,2.270000,1.000000,0.500000,0.000010,-0.000023
88,74,1,0,100,124.604921,0.000136,2.270000,3.000000,0.500000,0.000010,-0.000067
89,74,1,0,100,124.600622,0.000091,2.270000,2.000000,0.500000,0.000010,-0.000045
89,75,1,0,100,124.597815,0.000045,2.270000,1.000000,0.500000,0.000010,-0.000022
90,75,1,0,100,124.593692,0.000182,2.270000,4.000000,0.500000,0.000010,-0.000089
91,75,1,0,100,124.589938,0.000045,2.270000,1.000000,0.500000,0.000010,-0.000022
91,76,1,0,100,124.587130,0.000091,2.270000,2.000000,0.500000,0.000010,-0.000044
92,76,1,0,100,124.585135,0.000045,2.270000,1.000000,0.500000,0.000010,-0.000022
93,76,1,0,100,124.584641,0.000045,2.270000,1.000000,0.500000,0.000010,-0.000022
93,77,1,0,100,124.584477,0.000091,2.270000,2.000000,0.500000,0.000010,-0.000043
94,77,1,0,100,124.584187,0.000182,2.270000,4.000000,0.500000,0.000010,-0.000085
95,77,1,0,100,124.584022,0.000045,2.270000,1.000000,0.500000,0.000010,-0.000021
95,78,1,0,100,124.583858,0.000136,2.270000,3.000000,0.500000,0.000010,-0.000062
96,78,1,0,100,124.583566,0.000136,2.270000,3.000000,0.500000,0.000010,-0.000061
96,79,1,0,100,124.583402,0.000045,2.270000,1.000000,0.500000,0.000010,-0.000020
97,79,1,0,100,124.583206,0.000136,2.270000,3.000000,0.500000,0.000010,-0.000060
98,79,1,0,100,124.582947,0.000091,2.270000,2.000000,0.500000,0.000010,-0.000040
98,80,1,0,100,124.582783,0.000091,2.270000,2.000000,0.500000,0.000010,-0.000039
99,80,1,0,100,124.582553,0.000136,2.270000,3.000000,0.500000,0.000010,-0.000058
100,80,1,0,100,124.582328,0.000045,2.270000,1.000000,0.500000,0.000010,-0.000019
100,81,1,0,100,124.582164,0.000091,2.270000,2.000000,0.500000,0.000010,-0.000038
101,81,1,0,100,124.581899,0.000182,2.270000,4.000000,0.500000,0.000010,-0.000074
102,81,1,0,100,124.581709,0.000045,2.270000,1.000000,0.500000,0.000010,-0.000018
102,82,1,0,100,124.581545,0.000136,2.270000,3.000000,0.500000,0.000010,-0.000054
103,82,1,0,100,124.581253,0.000182,2.270000,4.000000,0.500000,0.000010,-0.000072
103,83,1,0,100,124.581090,0.000045,2.270000,1.000000,0.500000,0.000010,-0.000018
104,83,1,0,100,124.580918,0.000136,2.270000,3.000000,0.500000,0.000010,-0.000052
105,83,1,0,100,124.580634,0.000136,2.270000,3.000000,0.500000,0.000010,-0.000051
105,84,1,0,100,124.580471,0.000045,2.270000,1.000000,0.500000,0.000010,-0.000017
106,84,1,0,100,124.580265,0.000136,2.270000,3.000000,0.500000,0.000010,-0.000050
107,84,1,0,100,124.580015,0.000091,2.270000,2.000000,0.500000,0.000010,-0.000033
107,85,1,0,100,124.579852,0.000045,2.270000,1.000000,0.500000,0.000010,-0.000016
108,85,1,0,100,124.579611,0.000182,2.270000,4.000000,0.500000,0.000010,-0.000064
109,85,1,0,100,124.579396,0.000045,2.270000,1.000000,0.500000,0.000010,-0.000016
109,86,1,0,100,124.579232,0.000091,2.270000,2.000000,0.500000,0.000010,-0.000031
110,86,1,0,100,124.578957,0.000182,2.270000,4.000000,0.500000,0.000010,-0.000061
111,86,1,0,100,124.578777,0.000045,2.270000,1.000000,0.500000,0.000010,-0.000015
111,87,1,0,100,124.578613,0.000136,2.270000,3.000000,0.500000,0.000010,-0.000044
112,87,1,0,100,124.578321,0.000136,2.270000,3.000000,0.500000,0.000010,-0.000044
112,88,1,0,100,124.578158,0.000045,2.270000,1.000000,0.500000,0.000010,-0.000014
113,88,1,0,100,124.577976,0.000136,2.270000,3.000000,0.500000,0.000010,-0.000042
114,88,1,0,100,124.577702,0.000091,2.270000,2.000000,0.500000,0.000010,-0.000028
114,89,1,0,100,124.577539,0.000091,2.270000,2.000000,0.500000,0.000010,-0.000027
115,89,1,0,100,124.577323,0.000136,2.270000,3.000000,0.500000,0.000010,-0.000040
116,89,1,0,100,124.577083,0.000091,2.270000,2.000000,0.500000,0.000010,-0.000026
116,90,1,0,100,124.576920,0.000045,2.270000,1.000000,0.500000,0.000010,-0.000013
117,90,1,0,100,124.576669,0.000182,2.270000,4.000000,0.500000,0.000010,-0.000050
118,90,1,0,100,124.576464,0.000045,2.270000,1.000000,0.500000,0.000010,-0.000012
118,91,1,0,100,124.576301,0.000091,2.270000,2.000000,0.500000,0.000010,-0.000024
119,91,1,0,100,124.576015,0.000182,2.270000,4.000000,0.500000,0.000010,-0.000047
120,91,1,0,100,124.575845,0.000045,2.270000,1.000000,0.500000,0.000010,-0.000012
120,92,1,0,100,124.575682,0.000136,2.270000,3.000000,0.500000,0.000010,-0.000034
121,92,1,0,100,124.575389,0.000136,2.270000,3.000000,0.500000,0.000010,-0.000033
121,93,1,0,100,124.575226,0.000045,2.270000,1.000000,0.500000,0.000010,-0.000011
122,93,1,0,100,124.575035,0.000136,2.270000,3.000000,0.500000,0.000010,-0.000032
123,93,1,0,100,124.574770,0.000091,2.270000,2.000000,0.500000,0.000010,-0.000021
123,94,1,0,100,124.574607,0.000045,2.270000,1.000000,0.500000,0.000010,-0.000010
124,94,1,0,100,124.574381,0.000182,2.270000,4.000000,0.500000,0.000010,-0.000040
125,94,1,0,100,124.574151,0.000045,2.270000,1.000000,0.500000,0.000010,-0.000010
125,95,1,0,100,124.574042,0.000045,2.270000,1.000000,0.500000,0.000010,-0.000009
126,95,1,0,100,124.573433,0.000182,2.270000,4.000000,0.500000,0.000010,-0.000037
127,95,1,0,100,124.572952,0.000045,2.270000,1.000000,0.500000,0.000010,-0.000009
127,96,1,0,100,124.572580,0.000091,2.270000,2.000000,0.500000,0.000010,-0.000017
128,96,1,0,100,124.571945,0.000182,2.270000,4.000000,0.500000,0.000010,-0.000034
129,96,1,0,100,124.571532,0.000045,2.270000,1.000000,0.500000,0.000010,-0.000008
129,97,1,0,100,124.571160,0.000136,2.270000,3.000000,0.500000,0.000010,-0.000024
130,97,1,0,100,124.570483,0.000136,2.270000,3.000000,0.500000,0.000010,-0.000023
130,98,1,0,100,124.570112,0.000045,2.270000,1.000000,0.500000,0.000010,-0.000008
131,98,1,0,100,124.569715,0.000136,2.270000,3.000000,0.500000,0.000010,-0.000022
132,98,1,0,100,124.569063,0.000136,2.270000,3.000000,0.500000,0.000010,-0.000021
132,99,1,0,100,124.568691,0.000045,2.270000,1.000000,0.500000,0.000010,-0.000007
133,99,1,0,100,124.568228,0.000182,2.270000,4.000000,0.500000,0.000010,-0.000026
134,99,1,0,100,124.567643,0.000091,2.270000,2.000000,0.500000,0.000010,-0.000012
134,100,1,0,100,124.567271,0.000045,2.270000,1.000000,0.500000,0.000010,-0.000006
135,100,1,0,100,124.566741,0.000182,2.270000,4.000000,0.500000,0.000010,-0.000023
136,100,1,0,100,124.566223,0.000045,2.270000,1.000000,0.500000,0.000010,-0.000006
136,101,1,0,100,124.565851,0.000091,2.270000,2.000000,0.500000,0.000010,-0.000011
137,101,1,0,100,124.565254,0.000136,2.270000,3.000000,0.500000,0.000010,-0.000015
138,101,1,0,100,124.564803,0.000045,2.270000,1.000000,0.500000,0.000010,-0.000005
138,102,1,0,100,124.564431,0.000136,2.270000,3.000000,0.500000,0.000010,-0.000014
139,102,1,0,100,124.563767,0.000136,2.270000,3.000000,0.500000,0.000010,-0.000013
140,102,1,0,100,124.563382,0.000045,2.270000,1.000000,0.500000,0.000010,-0.000004
140,103,1,0,100,124.563011,0.000182,2.270000,4.000000,0.500000,0.000010,-0.000015
141,103,1,0,100,124.562334,0.000136,2.270000,3.000000,0.500000,0.000010,-0.000011
141,104,1,0,100,124.561962,0.000045,2.270000,1.000000,0.500000,0.000010,-0.000003
142,104,1,0,100,124.561536,0.000182,2.270000,4.000000,0.500000,0.000010,-0.000012
143,104,1,0,100,124.560914,0.000091,2.270000,2.000000,0.500000,0.000010,-0.000006
143,105,1,0,100,124.560542,0.000045,2.270000,1.000000,0.500000,0.000010,-0.000003
144,105,1,0,100,124.560049,0.000136,2.270000,3.000000,0.500000,0.000010,-0.000007
145,105,1,0,100,124.559494,0.000091,2.270000,2.000000,0.500000,0.000010,-0.000004
145,106,1,0,100,124.559122,0.000091,2.270000,2.000000,0.500000,0.000010,-0.000004
146,106,1,0,100,124.558562,0.000136,2.270000,3.000000,0.500000,0.000010,-0.000005
147,106,1,0,100,124.558073,0.000045,2.270000,1.000000,0.500000,0.000010,-0.000001
147,107,1,0,100,124.557702,0.000136,2.270000,3.000000,0.500000,0.000010,-0.000004
148,107,1,0,100,124.557075,0.000136,2.270000,3.000000,0.500000,0.000010,-0.000003
149,107,1,0,100,124.556653,0.000045,2.270000,1.000000,0.500000,0.000010,-0.000001
149,108,1,0,100,124.556281,0.000136,2.270000,3.000000,0.500000,0.000010,-0.000001
150,108,1,0,100,124.555605,0.000136,2.270000,3.000000,0.500000,0.000010,0.000000
150,109,1,0,100,124.555233,0.000045,2.270000,1.000000,0.500000,0.000010,0.000000
151,109,1,0,100,124.554845,0.000136,2.270000,3.000000,0.500000,0.000010,0.000000
152,109,1,0,100,124.554185,0.000136,2.270000,3.000000,0.500000,0.000010,0.000000
152,110,1,0,100,124.553813,0.000045,2.270000,1.000000,0.500000,0.000010,0.000000
153,110,1,0,100,124.553357,0.000136,2.270000,3.000000,0.500000,0.000010,0.000000
154,110,1,0,100,124.552764,0.000091,2.270000,2.000000,0.500000,0.000010,0.000000
154,111,1,0,100,124.552393,0.000091,2.270000,2.000000,0.500000,0.000010,0.000000
155,111,1,0,100,124.552121,0.000045,2.270000,1.000000,0.500000,0.000010,0.000000
156,111,1,0,100,124.541778,0.000136,2.270000,3.000000,0.500000,0.000010,0.000000
157,111,1,0,100,124.532663,0.000136,2.270000,3.000000,0.500000,0.000010,0.000000
158,111,1,0,100,124.523548,0.000136,2.270000,3.000000,0.500000,0.000010,0.000000
159,111,1,0,100,124.514433,0.000136,2.270000,3.000000,0.500000,0.000010,0.000000
160,111,1,0,100,124.505318,0.000136,2.270000,3.000000,0.500000,0.000010,0.000000
161,111,1,0,100,124.496203,0.000136,2.270000,3.000000,0.500000,0.000010,0.000000
162,111,1,0,100,124.487088,0.000136,2.270000,3.000000,0.500000,0.000010,0.000000
163,111,1,0,100,124.477973,0.000136,2.270000,3.000000,0.500000,0.000010,0.000000
164,111,1,0,100,124.468858,0.000136,2.270000,3.000000,0.500000,0.000010,0.000000
165,111,1,0,100,124.464150,0.000045,2.270000,1.000000,0.500000,0.000010,0.000000
166,111,1,0,100,124.461475,0.000091,2.270000,2.000000,0.500000,0.000010,0.000000
166,112,1,0,100,124.460489,0.000045,2.270000,1.000000,0.500000,0.000010,0.000000
167,112,1,0,100,124.459068,0.000136,2.270000,3.000000,0.500000,0.000010,0.000000
168,112,1,0,100,124.457458,0.000136,2.270000,3.000000,0.500000,0.000010,0.000000
168,113,1,0,100,124.456472,0.000045,2.270000,1.000000,0.500000,0.000010,0.000000
169,113,1,0,100,124.455124,0.000136,2.270000,3.000000,0.500000,0.000010,0.000000
170,113,1,0,100,124.453442,0.000136,2.270000,3.000000,0.500000,0.000010,0.000000
170,114,1,0,100,124.452455,0.000045,2.270000,1.000000,0.500000,0.000010,0.000000
171,114,1,0,100,124.451180,0.000182,2.270000,4.000000,0.500000,0.000010,0.000000
172,114,1,0,100,124.449425,0.000091,2.270000,2.000000,0.500000,0.000010,0.000000
172,115,1,0,100,124.448439,0.000045,2.270000,1.000000,0.500000,0.000010,0.000000
173,115,1,0,100,124.447236,0.000136,2.270000,3.000000,0.500000,0.000010,0.000000
174,115,1,0,100,124.445408,0.000136,2.270000,3.000000,0.500000,0.000010,0.000000
174,116,1,0,100,124.444422,0.000045,2.270000,1.000000,0.500000,0.000010,0.000000
175,116,1,0,100,124.443291,0.000136,2.270000,3.000000,0.500000,0.000010,0.000000
176,116,1,0,100,124.441391,0.000136,2.270000,3.000000,0.500000,0.000010,0.000000
176,117,1,0,100,124.440405,0.000045,2.270000,1.000000,0.500000,0.000010,0.000000
177,117,1,0,100,124.439347,0.000182,2.270000,4.000000,0.500000,0.000010,0.000000
178,117,1,0,100,124.437375,0.000136,2.270000,3.000000,0.500000,0.000010,0.000000
179,117,1,0,100,124.436388,0.000045,2.270000,1.000000,0.500000,0.000010,0.000000
179,118,1,0,100,124.435402,0.000136,2.270000,3.000000,0.500000,0.000010,0.000000
180,118,1,0,100,124.433431,0.000182,2.270000,4.000000,0.500000,0.000010,0.000000
181,118,1,0,100,124.432372,0.000045,2.270000,1.000000,0.500000,0.000010,0.000000
181,119,1,0,100,124.431386,0.000136,2.270000,3.000000,0.500000,0.000010,0.000000
182,119,1,0,100,124.429487,0.000136,2.270000,3.000000,0.500000,0.000010,0.000000
183,119,1,0,100,124.428355,0.000045,2.270000,1.000000,0.500000,0.000010,0.000000
183,120,1,0,100,124.427369,0.000136,2.270000,3.000000,0.500000,0.000010,0.000000
184,120,1,0,100,124.425543,0.000136,2.270000,3.000000,0.500000,0.000010,0.000000
185,120,1,0,100,124.424338,0.000045,2.270000,1.000000,0.500000,0.000010,0.000000
185,121,1,0,100,124.423352,0.000091,2.270000,2.000000,0.500000,0.000010,0.000000
186,121,1,0,100,124.421599,0.000182,2.270000,4.000000,0.500000,0.000010,0.000000
187,121,1,0,100,124.420321,0.000045,2.270000,1.000000,0.500000,0.000010,0.000000
187,122,1,0,100,124.419335,0.000091,2.270000,2.000000,0.500000,0.000010,0.000000
188,122,1,0,100,124.417655,0.000136,2.270000,3.000000,0.500000,0.000010,0.000000
189,122,1,0,100,124.416305,0.000091,2.270000,2.000000,0.500000,0.000010,0.000000
189,123,1,0,100,124.415319,0.000091,2.270000,2.000000,0.500000,0.000010,0.000000
190,123,1,0,100,124.413711,0.000136,2.270000,3.000000,0.500000,0.000010,0.000000
191,123,1,0,100,124.412288,0.000091,2.270000,2.000000,0.500000,0.000010,0.000000
191,124,1,0,100,124.411302,0.000045,2.270000,1.000000,0.500000,0.000010,0.000000
192,124,1,0,100,124.409767,0.000182,2.270000,4.000000,0.500000,0.000010,0.000000
193,124,1,0,100,124.408271,0.000045,2.270000,1.000000,0.500000,0.000010,0.000000
193,125,1,0,100,124.407285,0.000091,2.270000,2.000000,0.500000,0.000010,0.000000
194,125,1,0,100,124.405823,0.000136,2.270000,3.000000,0.500000,0.000010,0.000000
195,125,1,0,100,124.404254,0.000091,2.270000,2.000000,0.500000,0.000010,0.000000
195,126,1,0,100,124.403268,0.000091,2.270000,2.000000,0.500000,0.000010,0.000000
196,126,1,0,100,124.401879,0.000136,2.270000,3.000000,0.500000,0.000010,0.000000
197,126,1,0,100,124.400238,0.000091,2.270000,2.000000,0.500000,0.000010,0.000000
197,127,1,0,100,124.399252,0.000045,2.270000,1.000000,0.500000,0.000010,0.000000
198,127,1,0,100,124.397935,0.000182,2.270000,4.000000,0.500000,0.000010,0.000000
199,127,1,0,100,124.396221,0.000091,2.270000,2.000000,0.500000,0.000010,0.000000
199,128,1,0,100,124.395235,0.000045,2.270000,1.000000,0.500000,0.000010,0.000000
200,128,1,0,100,124.393991,0.000136,2.270000,3.000000,0.500000,0.000010,0.000000
201,128,1,0,100,124.392204,0.000136,2.270000,3.000000,0.500000,0.000010,0.000000
201,129,1,0,100,124.391218,0.000045,2.270000,1.000000,0.500000,0.000010,0.000000
202,129,1,0,100,124.390047,0.000136,2.270000,3.000000,0.500000,0.000010,0.000000
203,129,1,0,100,124.388187,0.000136,2.270000,3.000000,0.500000,0.000010,0.000000
203,130,1,0,100,124.387201,0.000045,2.270000,1.000000,0.500000,0.000010,0.000000
204,130,1,0,100,124.386103,0.000182,2.270000,4.000000,0.500000,0.000010,0.000000
205,130,1,0,100,124.385058,0.000045,2.270000,1.000000,0.500000,0.000010,0.000000
205,131,1,0,100,124.381885,0.000045,2.270000,1.000000,0.500000,0.000010,0.000000
206,131,1,0,100,124.380405,0.000136,2.270000,3.000000,0.500000,0.000010,0.000000
207,131,1,0,100,124.377531,0.000182,2.270000,4.000000,0.500000,0.000010,0.000000
208,131,1,0,100,124.375628,0.000045,2.270000,1.000000,0.500000,0.000010,0.000000
208,132,1,0,100,124.374191,0.000091,2.270000,2.000000,0.500000,0.000010,0.000000
209,132,1,0,100,124.371784,0.000136,2.270000,3.000000,0.500000,0.000010,0.000000
210,132,1,0,100,124.369371,0.000091,2.270000,2.000000,0.500000,0.000010,0.000000
210,133,1,0,100,124.367934,0.000045,2.270000,1.000000,0.500000,0.000010,0.000000
211,133,1,0,100,124.366036,0.000182,2.270000,4.000000,0.500000,0.000010,0.000000
212,133,1,0,100,124.363163,0.000136,2.270000,3.000000,0.500000,0.000010,0.000000
213,133,1,0,100,124.361677,0.000045,2.270000,1.000000,0.500000,0.000010,0.000000
213,134,1,0,100,124.360240,0.000136,2.270000,3.000000,0.500000,0.000010,0.000000
214,134,1,0,100,124.357416,0.000136,2.270000,3.000000,0.500000,0.000010,0.000000
215,134,1,0,100,124.355420,0.000091,2.270000,2.000000,0.500000,0.000010,0.000000
215,135,1,0,100,124.353983,0.000091,2.270000,2.000000,0.500000,0.000010,0.000000
216,135,1,0,100,124.351668,0.000136,2.270000,3.000000,0.500000,0.000010,0.000000
217,135,1,0,100,124.349162,0.000091,2.270000,2.000000,0.500000,0.000010,0.000000
217,136,1,0,100,124.347726,0.000045,2.270000,1.000000,0.500000,0.000010,0.000000
218,136,1,0,100,124.345921,0.000136,2.270000,3.000000,0.500000,0.000010,0.000000
219,136,1,0,100,124.343047,0.000182,2.270000,4.000000,0.500000,0.000010,0.000000
220,136,1,0,100,124.341468,0.000045,2.270000,1.000000,0.500000,0.000010,0.000000
220,137,1,0,100,124.340032,0.000136,2.270000,3.000000,0.500000,0.000010,0.000000
221,137,1,0,100,124.337300,0.000136,2.270000,3.000000,0.500000,0.000010,0.000000
222,137,1,0,100,124.335211,0.000091,2.270000,2.000000,0.500000,0.000010,0.000000
222,138,1,0,100,124.333774,0.000045,2.270000,1.000000,0.500000,0.000010,0.000000
223,138,1,0,100,124.331553,0.000182,2.270000,4.000000,0.500000,0.000010,0.000000
224,138,1,0,100,124.328954,0.000091,2.270000,2.000000,0.500000,0.000010,0.000000
224,139,1,0,100,124.327517,0.000045,2.270000,1.000000,0.500000,0.000010,0.000000
225,139,1,0,100,124.325805,0.000136,2.270000,3.000000,0.500000,0.000010,0.000000
226,139,1,0,100,124.322932,0.000182,2.270000,4.000000,0.500000,0.000010,0.000000
227,139,1,0,100,124.321260,0.000045,2.270000,1.000000,0.500000,0.000010,0.000000
227,140,1,0,100,124.319823,0.000136,2.270000,3.000000,0.500000,0.000010,0.000000
228,140,1,0,100,124.317184,0.000136,2.270000,3.000000,0.500000,0.000010,0.000000
229,140,1,0,100,124.315003,0.000091,2.270000,2.000000,0.500000,0.000010,0.000000
229,141,1,0,100,124.313566,0.000045,2.270000,1.000000,0.500000,0.000010,0.000000
230,141,1,0,100,124.311437,0.000182,2.270000,4.000000,0.500000,0.000010,0.000000
231,141,1,0,100,124.308746,0.000091,2.270000,2.000000,0.500000,0.000010,0.000000
231,142,1,0,100,124.307309,0.000045,2.270000,1.000000,0.500000,0.000010,0.000000
232,142,1,0,100,124.305690,0.000136,2.270000,3.000000,0.500000,0.000010,0.000000
233,142,1,0,100,124.303126,0.000136,2.270000,3.000000,0.500000,0.000010,0.000000
234,142,1,0,100,124.300342,0.000045,2.270000,1.000000,0.500000,0.000010,0.000000
234,143,1,0,100,124.296115,0.000136,2.270000,3.000000,0.500000,0.000010,0.000000
235,143,1,0,100,124.288160,0.000136,2.270000,3.000000,0.500000,0.000010,0.000000
236,143,1,0,100,124.282023,0.000091,2.270000,2.000000,0.500000,0.000010,0.000000
236,144,1,0,100,124.277796,0.000091,2.270000,2.000000,0.500000,0.000010,0.000000
237,144,1,0,100,124.271250,0.000136,2.270000,3.000000,0.500000,0.000010,0.000000
238,144,1,0,100,124.263704,0.000136,2.270000,3.000000,0.500000,0.000010,0.000000
238,145,1,0,100,124.259477,0.000045,2.270000,1.000000,0.500000,0.000010,0.000000
239,145,1,0,100,124.254340,0.000182,2.270000,4.000000,0.500000,0.000010,0.000000
240,145,1,0,100,124.245886,0.000136,2.270000,3.000000,0.500000,0.000010,0.000000
241,145,1,0,100,124.241158,0.000045,2.270000,1.000000,0.500000,0.000010,0.000000
241,146,1,0,100,124.236931,0.000136,2.270000,3.000000,0.500000,0.000010,0.000000
242,146,1,0,100,124.228976,0.000136,2.270000,3.000000,0.500000,0.000010,0.000000
243,146,1,0,100,124.222839,0.000091,2.270000,2.000000,0.500000,0.000010,0.000000
243,147,1,0,100,124.218612,0.000091,2.270000,2.000000,0.500000,0.000010,0.000000
244,147,1,0,100,124.212066,0.000136,2.270000,3.000000,0.500000,0.000010,0.000000
245,147,1,0,100,124.204520,0.000091,2.270000,2.000000,0.500000,0.000010,0.000000
245,148,1,0,100,124.200293,0.000045,2.270000,1.000000,0.500000,0.000010,0.000000
246,148,1,0,100,124.195156,0.000136,2.270000,3.000000,0.500000,0.000010,0.000000
247,148,1,0,100,124.186701,0.000182,2.270000,4.000000,0.500000,0.000010,0.000000
248,148,1,0,100,124.181974,0.000045,2.270000,1.000000,0.500000,0.000010,0.000000
248,149,1,0,100,124.177746,0.000136,2.270000,3.000000,0.500000,0.000010,0.000000
249,149,1,0,100,124.169792,0.000136,2.270000,3.000000,0.500000,0.000010,0.000000
250,149,1,0,100,124.163655,0.000091,2.270000,2.000000,0.500000,0.000010,0.000000
250,150,1,0,100,124.159427,0.000045,2.270000,1.000000,0.500000,0.000010,0.000000
251,150,1,0,100,124.152882,0.000182,2.270000,4.000000,0.500000,0.000010,0.000000
252,150,1,0,100,124.145336,0.000091,2.270000,2.000000,0.500000,0.000010,0.000000
252,151,1,0,100,124.141109,0.000045,2.270000,1.000000,0.500000,0.000010,0.000000
253,151,1,0,100,124.135972,0.000136,2.270000,3.000000,0.500000,0.000010,0.000000
254,151,1,0,100,124.127517,0.000136,2.270000,3.000000,0.500000,0.000010,0.000000
255,151,1,0,100,124.122790,0.000045,2.270000,1.000000,0.500000,0.000010,0.000000
255,152,1,0,100,124.118562,0.000136,2.270000,3.000000,0.500000,0.000010,0.000000
256,152,1,0,100,124.110607,0.000136,2.270000,3.000000,0.500000,0.000010,0.000000
257,152,1,0,100,124.104471,0.000045,2.270000,1.000000,0.500000,0.000010,0.000000
257,153,1,0,100,124.100243,0.000091,2.270000,2.000000,0.500000,0.000010,0.000000
258,153,1,0,100,124.093698,0.000182,2.270000,4.000000,0.500000,0.000010,0.000000
259,153,1,0,100,124.086152,0.000091,2.270000,2.000000,0.500000,0.000010,0.000000
259,154,1,0,100,124.081924,0.000045,2.270000,1.000000,0.500000,0.000010,0.000000
260,154,1,0,100,124.076788,0.000136,2.270000,3.000000,0.500000,0.000010,0.000000
261,154,1,0,100,124.068333,0.000136,2.270000,3.000000,0.500000,0.000010,0.000000
262,154,1,0,100,124.063605,0.000045,2.270000,1.000000,0.500000,0.000010,0.000000
262,155,1,0,100,124.059378,0.000136,2.270000,3.000000,0.500000,0.000010,0.000000
263,155,1,0,100,124.051423,0.000136,2.270000,3.000000,0.500000,0.000010,0.000000
264,155,1,0,100,124.045287,0.000045,2.270000,1.000000,0.500000,0.000010,0.000000
264,156,1,0,100,124.041059,0.000091,2.270000,2.000000,0.500000,0.000010,0.000000
265,156,1,0,100,124.034513,0.000136,2.270000,3.000000,0.500000,0.000010,0.000000
266,156,1,0,100,124.026968,0.000136,2.270000,3.000000,0.500000,0.000010,0.000000
266,157,1,0,100,124.022740,0.000045,2.270000,1.000000,0.500000,0.000010,0.000000
267,157,1,0,100,124.021416,0.000045,2.270000,1.000000,0.500000,0.000010,0.000000
